lane,from_frame_start,from_frame_end,from_source,from_step,from_time_ns,to_source,to_step,to_time_ns,from_state,to_state,from_run_len_frames,from_run_len_ps
npbc,0,30,eq,500000,0.0,eq,515500,0.0155,C5,PPII,31,15.5
npbc,31,31,eq,515500,0.0155,eq,516000,0.016,PPII,C5,1,0.5
npbc,32,112,eq,516000,0.016,eq,556500,0.056499999999999995,C5,PPII,81,40.5
npbc,113,113,eq,556500,0.056499999999999995,eq,557000,0.056999999999999995,PPII,C5,1,0.5
npbc,114,114,eq,557000,0.056999999999999995,eq,557500,0.057499999999999996,C5,C7eq,1,0.5
npbc,115,115,eq,557500,0.057499999999999996,eq,558000,0.057999999999999996,C7eq,PPII,1,0.5
npbc,116,116,eq,558000,0.057999999999999996,eq,558500,0.058499999999999996,PPII,C5,1,0.5
npbc,117,117,eq,558500,0.058499999999999996,eq,559000,0.059,C5,C7eq,1,0.5
npbc,118,118,eq,559000,0.059,eq,559500,0.0595,C7eq,C5,1,0.5
npbc,119,129,eq,559500,0.0595,eq,565000,0.065,C5,alphaR,11,5.5
npbc,130,130,eq,565000,0.065,eq,565500,0.0655,alphaR,C5,1,0.5
npbc,131,131,eq,565500,0.0655,eq,566000,0.066,C5,C7ax,1,0.5
npbc,132,132,eq,566000,0.066,eq,566500,0.0665,C7ax,alphaR,1,0.5
npbc,133,135,eq,566500,0.0665,eq,568000,0.06799999999999999,alphaR,C7ax,3,1.5
npbc,136,141,eq,568000,0.06799999999999999,eq,571000,0.071,C7ax,C5,6,3.0
npbc,142,142,eq,571000,0.071,eq,571500,0.0715,C5,C7ax,1,0.5
npbc,143,206,eq,571500,0.0715,eq,603500,0.1035,C7ax,alphaL_C7ax,64,32.0
npbc,207,207,eq,603500,0.1035,eq,604000,0.104,alphaL_C7ax,C7ax,1,0.5
npbc,208,370,eq,604000,0.104,eq,685500,0.1855,C7ax,C7eq,163,81.5
npbc,371,375,eq,685500,0.1855,eq,688000,0.188,C7eq,C5,5,2.5
npbc,376,376,eq,688000,0.188,eq,688500,0.1885,C5,PPII,1,0.5
npbc,377,380,eq,688500,0.1885,eq,690500,0.1905,PPII,C7eq,4,2.0
npbc,381,392,eq,690500,0.1905,eq,696500,0.19649999999999998,C7eq,alpha_prime,12,6.0
npbc,393,393,eq,696500,0.19649999999999998,eq,697000,0.19699999999999998,alpha_prime,C7eq,1,0.5
npbc,394,411,eq,697000,0.19699999999999998,eq,706000,0.206,C7eq,PPII,18,9.0
npbc,412,413,eq,706000,0.206,eq,707000,0.207,PPII,C5,2,1.0
npbc,414,415,eq,707000,0.207,eq,708000,0.208,C5,PPII,2,1.0
npbc,416,416,eq,708000,0.208,eq,708500,0.2085,PPII,C5,1,0.5
npbc,417,421,eq,708500,0.2085,eq,711000,0.211,C5,PPII,5,2.5
npbc,422,423,eq,711000,0.211,eq,712000,0.212,PPII,C5,2,1.0
npbc,424,424,eq,712000,0.212,eq,712500,0.2125,C5,PPII,1,0.5
npbc,425,425,eq,712500,0.2125,eq,713000,0.213,PPII,C5,1,0.5
npbc,426,434,eq,713000,0.213,eq,717500,0.2175,C5,PPII,9,4.5
npbc,435,435,eq,717500,0.2175,eq,718000,0.218,PPII,C5,1,0.5
npbc,436,460,eq,718000,0.218,eq,730500,0.23049999999999998,C5,PPII,25,12.5
npbc,461,462,eq,730500,0.23049999999999998,eq,731500,0.23149999999999998,PPII,C5,2,1.0
npbc,463,465,eq,731500,0.23149999999999998,eq,733000,0.23299999999999998,C5,PPII,3,1.5
npbc,466,466,eq,733000,0.23299999999999998,eq,733500,0.23349999999999999,PPII,C5,1,0.5
npbc,467,467,eq,733500,0.23349999999999999,eq,734000,0.23399999999999999,C5,PPII,1,0.5
npbc,468,468,eq,734000,0.23399999999999999,eq,734500,0.2345,PPII,C5,1,0.5
npbc,469,484,eq,734500,0.2345,eq,742500,0.2425,C5,C7eq,16,8.0
npbc,485,485,eq,742500,0.2425,eq,743000,0.243,C7eq,C5,1,0.5
npbc,486,501,eq,743000,0.243,eq,751000,0.251,C5,PPII,16,8.0
npbc,502,504,eq,751000,0.251,eq,752500,0.2525,PPII,C7eq,3,1.5
npbc,505,505,eq,752500,0.2525,eq,753000,0.253,C7eq,PPII,1,0.5
npbc,506,506,eq,753000,0.253,eq,753500,0.2535,PPII,C7eq,1,0.5
npbc,507,507,eq,753500,0.2535,eq,754000,0.254,C7eq,PPII,1,0.5
npbc,508,508,eq,754000,0.254,eq,754500,0.2545,PPII,C7eq,1,0.5
npbc,509,524,eq,754500,0.2545,eq,762500,0.2625,C7eq,PPII,16,8.0
npbc,525,525,eq,762500,0.2625,eq,763000,0.263,PPII,C7eq,1,0.5
npbc,526,529,eq,763000,0.263,eq,765000,0.265,C7eq,PPII,4,2.0
npbc,530,531,eq,765000,0.265,eq,766000,0.266,PPII,C7eq,2,1.0
npbc,532,565,eq,766000,0.266,eq,783000,0.283,C7eq,alphaR,34,17.0
npbc,566,566,eq,783000,0.283,eq,783500,0.2835,alphaR,C7eq,1,0.5
npbc,567,567,eq,783500,0.2835,eq,784000,0.284,C7eq,alphaR,1,0.5
npbc,568,569,eq,784000,0.284,eq,785000,0.285,alphaR,alpha_prime,2,1.0
npbc,570,570,eq,785000,0.285,eq,785500,0.2855,alpha_prime,alphaR,1,0.5
npbc,571,571,eq,785500,0.2855,eq,786000,0.286,alphaR,C7eq,1,0.5
npbc,572,572,eq,786000,0.286,eq,786500,0.2865,C7eq,alphaR,1,0.5
npbc,573,573,eq,786500,0.2865,eq,787000,0.287,alphaR,C7eq,1,0.5
npbc,574,606,eq,787000,0.287,eq,803500,0.3035,C7eq,alpha_prime,33,16.5
npbc,607,607,eq,803500,0.3035,eq,804000,0.304,alpha_prime,C7eq,1,0.5
npbc,608,612,eq,804000,0.304,eq,806500,0.3065,C7eq,alpha_prime,5,2.5
npbc,613,613,eq,806500,0.3065,eq,807000,0.307,alpha_prime,alphaR,1,0.5
npbc,614,614,eq,807000,0.307,eq,807500,0.3075,alphaR,C7eq,1,0.5
npbc,615,630,eq,807500,0.3075,eq,815500,0.3155,C7eq,alpha_prime,16,8.0
npbc,631,631,eq,815500,0.3155,eq,816000,0.316,alpha_prime,C7eq,1,0.5
npbc,632,650,eq,816000,0.316,eq,825500,0.3255,C7eq,alphaR,19,9.5
npbc,651,652,eq,825500,0.3255,eq,826500,0.3265,alphaR,C7eq,2,1.0
npbc,653,653,eq,826500,0.3265,eq,827000,0.327,C7eq,alphaR,1,0.5
npbc,654,654,eq,827000,0.327,eq,827500,0.32749999999999996,alphaR,C7eq,1,0.5
npbc,655,669,eq,827500,0.32749999999999996,eq,835000,0.33499999999999996,C7eq,alpha_prime,15,7.5
npbc,670,670,eq,835000,0.33499999999999996,eq,835500,0.33549999999999996,alpha_prime,C7eq,1,0.5
npbc,671,673,eq,835500,0.33549999999999996,eq,837000,0.33699999999999997,C7eq,alpha_prime,3,1.5
npbc,674,674,eq,837000,0.33699999999999997,eq,837500,0.33749999999999997,alpha_prime,C7eq,1,0.5
npbc,675,725,eq,837500,0.33749999999999997,eq,863000,0.363,C7eq,alpha_prime,51,25.5
npbc,726,726,eq,863000,0.363,eq,863500,0.3635,alpha_prime,C7eq,1,0.5
npbc,727,749,eq,863500,0.3635,eq,875000,0.375,C7eq,PPII,23,11.5
npbc,750,750,eq,875000,0.375,eq,875500,0.3755,PPII,C7eq,1,0.5
npbc,751,774,eq,875500,0.3755,eq,887500,0.38749999999999996,C7eq,alpha_prime,24,12.0
npbc,775,775,eq,887500,0.38749999999999996,eq,888000,0.38799999999999996,alpha_prime,C7eq,1,0.5
npbc,776,789,eq,888000,0.38799999999999996,eq,895000,0.39499999999999996,C7eq,alpha_prime,14,7.0
npbc,790,790,eq,895000,0.39499999999999996,eq,895500,0.39549999999999996,alpha_prime,C7eq,1,0.5
npbc,791,808,eq,895500,0.39549999999999996,eq,904500,0.40449999999999997,C7eq,alpha_prime,18,9.0
npbc,809,809,eq,904500,0.40449999999999997,eq,905000,0.40499999999999997,alpha_prime,C7eq,1,0.5
npbc,810,827,eq,905000,0.40499999999999997,eq,914000,0.414,C7eq,alpha_prime,18,9.0
npbc,828,828,eq,914000,0.414,eq,914500,0.4145,alpha_prime,C7eq,1,0.5
npbc,829,829,eq,914500,0.4145,eq,915000,0.415,C7eq,alpha_prime,1,0.5
npbc,830,830,eq,915000,0.415,eq,915500,0.4155,alpha_prime,C7eq,1,0.5
npbc,831,836,eq,915500,0.4155,eq,918500,0.4185,C7eq,alpha_prime,6,3.0
npbc,837,837,eq,918500,0.4185,eq,919000,0.419,alpha_prime,alphaR,1,0.5
npbc,838,838,eq,919000,0.419,eq,919500,0.4195,alphaR,C7eq,1,0.5
npbc,839,839,eq,919500,0.4195,eq,920000,0.42,C7eq,alphaR,1,0.5
npbc,840,840,eq,920000,0.42,eq,920500,0.4205,alphaR,C7eq,1,0.5
npbc,841,843,eq,920500,0.4205,eq,922000,0.422,C7eq,alphaR,3,1.5
npbc,844,844,eq,922000,0.422,eq,922500,0.4225,alphaR,C7eq,1,0.5
npbc,845,845,eq,922500,0.4225,eq,923000,0.423,C7eq,C5,1,0.5
npbc,846,1157,eq,923000,0.423,prod,1079000,0.578501,C5,C7ax,312,156.0
npbc,1158,1158,prod,1079000,0.578501,prod,1079500,0.579001,C7ax,C5,1,0.5
npbc,1159,1267,prod,1079500,0.579001,prod,1134000,0.6335010000000001,C5,PPII,109,54.5
npbc,1268,1268,prod,1134000,0.6335010000000001,prod,1134500,0.634001,PPII,C5,1,0.5
npbc,1269,1433,prod,1134500,0.634001,prod,1217000,0.716501,C5,PPII,165,82.5
npbc,1434,1434,prod,1217000,0.716501,prod,1217500,0.717001,PPII,C5,1,0.5
npbc,1435,1438,prod,1217500,0.717001,prod,1219500,0.719001,C5,PPII,4,2.0
npbc,1439,1439,prod,1219500,0.719001,prod,1220000,0.7195010000000001,PPII,C5,1,0.5
npbc,1440,1440,prod,1220000,0.7195010000000001,prod,1220500,0.720001,C5,PPII,1,0.5
npbc,1441,1442,prod,1220500,0.720001,prod,1221500,0.721001,PPII,C5,2,1.0
npbc,1443,1503,prod,1221500,0.721001,prod,1252000,0.751501,C5,C7eq,61,30.5
npbc,1504,1611,prod,1252000,0.751501,prod,1306000,0.805501,C7eq,PPII,108,54.0
npbc,1612,1612,prod,1306000,0.805501,prod,1306500,0.806001,PPII,C7eq,1,0.5
npbc,1613,1644,prod,1306500,0.806001,prod,1322500,0.822001,C7eq,PPII,32,16.0
npbc,1645,1645,prod,1322500,0.822001,prod,1323000,0.822501,PPII,C7eq,1,0.5
npbc,1646,1647,prod,1323000,0.822501,prod,1324000,0.823501,C7eq,PPII,2,1.0
npbc,1648,1649,prod,1324000,0.823501,prod,1325000,0.824501,PPII,C5,2,1.0
npbc,1650,1808,prod,1325000,0.824501,prod,1404500,0.904001,C5,PPII,159,79.5
npbc,1809,1809,prod,1404500,0.904001,prod,1405000,0.904501,PPII,C5,1,0.5
npbc,1810,2138,prod,1405000,0.904501,prod,1569500,1.069001,C5,alphaR,329,164.5
npbc,2139,2148,prod,1569500,1.069001,prod,1574500,1.074001,alphaR,alpha_prime,10,5.0
npbc,2149,2149,prod,1574500,1.074001,prod,1575000,1.0745010000000002,alpha_prime,alphaR,1,0.5
npbc,2150,2171,prod,1575000,1.0745010000000002,prod,1586000,1.085501,alphaR,C7ax,22,11.0
npbc,2172,2212,prod,1586000,1.085501,prod,1606500,1.106001,C7ax,alphaL,41,20.5
npbc,2213,2213,prod,1606500,1.106001,prod,1607000,1.106501,alphaL,C7ax,1,0.5
npbc,2214,2225,prod,1607000,1.106501,prod,1613000,1.112501,C7ax,alphaL,12,6.0
npbc,2226,2227,prod,1613000,1.112501,prod,1614000,1.1135009999999999,alphaL,C7ax,2,1.0
npbc,2228,2229,prod,1614000,1.1135009999999999,prod,1615000,1.114501,C7ax,alphaL,2,1.0
npbc,2230,2230,prod,1615000,1.114501,prod,1615500,1.115001,alphaL,C7ax,1,0.5
npbc,2231,2354,prod,1615500,1.115001,prod,1677500,1.177001,C7ax,alphaL_C7ax,124,62.0
npbc,2355,2362,prod,1677500,1.177001,prod,1681500,1.181001,alphaL_C7ax,C7ax,8,4.0
npbc,2363,2363,prod,1681500,1.181001,prod,1682000,1.181501,C7ax,alphaL_C7ax,1,0.5
npbc,2364,2369,prod,1682000,1.181501,prod,1685000,1.184501,alphaL_C7ax,C7ax,6,3.0
npbc,2370,2370,prod,1685000,1.184501,prod,1685500,1.185001,C7ax,alphaL_C7ax,1,0.5
npbc,2371,2371,prod,1685500,1.185001,prod,1686000,1.185501,alphaL_C7ax,C7ax,1,0.5
npbc,2372,2374,prod,1686000,1.185501,prod,1687500,1.187001,C7ax,alphaL_C7ax,3,1.5
npbc,2375,2375,prod,1687500,1.187001,prod,1688000,1.1875010000000001,alphaL_C7ax,C7ax,1,0.5
npbc,2376,2378,prod,1688000,1.1875010000000001,prod,1689500,1.189001,C7ax,alphaL_C7ax,3,1.5
npbc,2379,2379,prod,1689500,1.189001,prod,1690000,1.189501,alphaL_C7ax,C7ax,1,0.5
npbc,2380,2430,prod,1690000,1.189501,prod,1715500,1.215001,C7ax,alphaL,51,25.5
npbc,2431,2432,prod,1715500,1.215001,prod,1716500,1.2160009999999999,alphaL,C7ax,2,1.0
npbc,2433,2555,prod,1716500,1.2160009999999999,prod,1778000,1.277501,C7ax,alphaL_C7ax,123,61.5
npbc,2556,2557,prod,1778000,1.277501,prod,1779000,1.2785009999999999,alphaL_C7ax,C7ax,2,1.0
npbc,2558,2558,prod,1779000,1.2785009999999999,prod,1779500,1.279001,C7ax,alphaL_C7ax,1,0.5
npbc,2559,2560,prod,1779500,1.279001,prod,1780500,1.280001,alphaL_C7ax,C7ax,2,1.0
npbc,2561,2564,prod,1780500,1.280001,prod,1782500,1.282001,C7ax,alphaL_C7ax,4,2.0
npbc,2565,2566,prod,1782500,1.282001,prod,1783500,1.283001,alphaL_C7ax,C7ax,2,1.0
npbc,2567,2567,prod,1783500,1.283001,prod,1784000,1.283501,C7ax,alphaL_C7ax,1,0.5
npbc,2568,2580,prod,1784000,1.283501,prod,1790500,1.290001,alphaL_C7ax,C7ax,13,6.5
npbc,2581,2581,prod,1790500,1.290001,prod,1791000,1.290501,C7ax,alphaL_C7ax,1,0.5
npbc,2582,2583,prod,1791000,1.290501,prod,1792000,1.291501,alphaL_C7ax,C7ax,2,1.0
npbc,2584,2585,prod,1792000,1.291501,prod,1793000,1.2925010000000001,C7ax,alphaL_C7ax,2,1.0
npbc,2586,2587,prod,1793000,1.2925010000000001,prod,1794000,1.293501,alphaL_C7ax,C7ax,2,1.0
npbc,2588,2589,prod,1794000,1.293501,prod,1795000,1.294501,C7ax,alphaL_C7ax,2,1.0
npbc,2590,2599,prod,1795000,1.294501,prod,1800000,1.299501,alphaL_C7ax,alphaL,10,5.0
npbc,2600,2600,prod,1800000,1.299501,prod,1800500,1.300001,alphaL,alphaL_C7ax,1,0.5
npbc,2601,2629,prod,1800500,1.300001,prod,1815000,1.314501,alphaL_C7ax,alphaL,29,14.5
npbc,2630,2632,prod,1815000,1.314501,prod,1816500,1.316001,alphaL,alphaL_C7ax,3,1.5
npbc,2633,2715,prod,1816500,1.316001,prod,1858000,1.357501,alphaL_C7ax,alphaL,83,41.5
npbc,2716,2717,prod,1858000,1.357501,prod,1859000,1.358501,alphaL,alphaL_C7ax,2,1.0
npbc,2718,2719,prod,1859000,1.358501,prod,1860000,1.3595009999999998,alphaL_C7ax,alphaL,2,1.0
npbc,2720,2720,prod,1860000,1.3595009999999998,prod,1860500,1.360001,alphaL,alphaL_C7ax,1,0.5
npbc,2721,2723,prod,1860500,1.360001,prod,1862000,1.361501,alphaL_C7ax,alphaL,3,1.5
npbc,2724,2725,prod,1862000,1.361501,prod,1863000,1.362501,alphaL,alphaL_C7ax,2,1.0
npbc,2726,2765,prod,1863000,1.362501,prod,1883000,1.382501,alphaL_C7ax,C7ax,40,20.0
npbc,2766,2913,prod,1883000,1.382501,prod,1957000,1.4565009999999998,C7ax,alphaL_C7ax,148,74.0
npbc,2914,2914,prod,1957000,1.4565009999999998,prod,1957500,1.457001,alphaL_C7ax,C7ax,1,0.5
npbc,2915,2929,prod,1957500,1.457001,prod,1965000,1.4645009999999998,C7ax,alphaL,15,7.5
npbc,2930,2930,prod,1965000,1.4645009999999998,prod,1965500,1.465001,alphaL,C7ax,1,0.5
npbc,2931,2961,prod,1965500,1.465001,prod,1981000,1.4805009999999998,C7ax,alphaL_C7ax,31,15.5
npbc,2962,2962,prod,1981000,1.4805009999999998,prod,1981500,1.481001,alphaL_C7ax,C7ax,1,0.5
npbc,2963,2973,prod,1981500,1.481001,prod,1987000,1.486501,C7ax,alphaL,11,5.5
npbc,2974,2974,prod,1987000,1.486501,prod,1987500,1.487001,alphaL,C7ax,1,0.5
npbc,2975,3066,prod,1987500,1.487001,prod,2033500,1.533001,C7ax,alphaL,92,46.0
npbc,3067,3067,prod,2033500,1.533001,prod,2034000,1.5335009999999998,alphaL,C7ax,1,0.5
npbc,3068,3092,prod,2034000,1.5335009999999998,prod,2046500,1.546001,C7ax,alphaL_C7ax,25,12.5
npbc,3093,3093,prod,2046500,1.546001,prod,2047000,1.5465010000000001,alphaL_C7ax,C7ax,1,0.5
npbc,3094,3147,prod,2047000,1.5465010000000001,prod,2074000,1.5735009999999998,C7ax,alphaL_C7ax,54,27.0
npbc,3148,3148,prod,2074000,1.5735009999999998,prod,2074500,1.574001,alphaL_C7ax,C7ax,1,0.5
npbc,3149,3206,prod,2074500,1.574001,prod,2103500,1.603001,C7ax,alphaL_C7ax,58,29.0
npbc,3207,3207,prod,2103500,1.603001,prod,2104000,1.603501,alphaL_C7ax,C7ax,1,0.5
npbc,3208,3271,prod,2104000,1.603501,prod,2136000,1.635501,C7ax,alphaL_C7ax,64,32.0
npbc,3272,3272,prod,2136000,1.635501,prod,2136500,1.6360009999999998,alphaL_C7ax,C7ax,1,0.5
npbc,3273,3283,prod,2136500,1.6360009999999998,prod,2142000,1.6415009999999999,C7ax,alphaL_C7ax,11,5.5
npbc,3284,3284,prod,2142000,1.6415009999999999,prod,2142500,1.642001,alphaL_C7ax,C7ax,1,0.5
npbc,3285,3288,prod,2142500,1.642001,prod,2144500,1.6440009999999998,C7ax,alphaL_C7ax,4,2.0
npbc,3289,3289,prod,2144500,1.6440009999999998,prod,2145000,1.644501,alphaL_C7ax,C7ax,1,0.5
npbc,3290,3291,prod,2145000,1.644501,prod,2146000,1.6455009999999999,C7ax,alphaL_C7ax,2,1.0
npbc,3292,3292,prod,2146000,1.6455009999999999,prod,2146500,1.646001,alphaL_C7ax,C7ax,1,0.5
npbc,3293,3296,prod,2146500,1.646001,prod,2148500,1.6480009999999998,C7ax,alphaL_C7ax,4,2.0
npbc,3297,3297,prod,2148500,1.6480009999999998,prod,2149000,1.648501,alphaL_C7ax,C7ax,1,0.5
npbc,3298,3299,prod,2149000,1.648501,prod,2150000,1.6495009999999999,C7ax,alphaL_C7ax,2,1.0
npbc,3300,3311,prod,2150000,1.6495009999999999,prod,2156000,1.6555010000000001,alphaL_C7ax,C7ax,12,6.0
npbc,3312,3336,prod,2156000,1.6555010000000001,prod,2168500,1.6680009999999998,C7ax,alphaL,25,12.5
npbc,3337,3337,prod,2168500,1.6680009999999998,prod,2169000,1.668501,alphaL,C7ax,1,0.5
npbc,3338,3453,prod,2169000,1.668501,prod,2227000,1.7265009999999998,C7ax,alphaL_C7ax,116,58.0
npbc,3454,3454,prod,2227000,1.7265009999999998,prod,2227500,1.727001,alphaL_C7ax,C7ax,1,0.5
npbc,3455,3545,prod,2227500,1.727001,prod,2273000,1.772501,C7ax,alphaL,91,45.5
npbc,3546,3546,prod,2273000,1.772501,prod,2273500,1.7730009999999998,alphaL,C7ax,1,0.5
npbc,3547,3568,prod,2273500,1.7730009999999998,prod,2284500,1.784001,C7ax,alphaL,22,11.0
npbc,3569,3569,prod,2284500,1.784001,prod,2285000,1.7845010000000001,alphaL,C7ax,1,0.5
npbc,3570,3600,prod,2285000,1.7845010000000001,prod,2300500,1.800001,C7ax,alphaL,31,15.5
npbc,3601,3601,prod,2300500,1.800001,prod,2301000,1.8005010000000001,alphaL,C7ax,1,0.5
npbc,3602,3639,prod,2301000,1.8005010000000001,prod,2320000,1.8195009999999998,C7ax,alphaL,38,19.0
npbc,3640,3640,prod,2320000,1.8195009999999998,prod,2320500,1.820001,alphaL,C7ax,1,0.5
npbc,3641,3694,prod,2320500,1.820001,prod,2347500,1.8470010000000001,C7ax,alphaL_C7ax,54,27.0
npbc,3695,3725,prod,2347500,1.8470010000000001,prod,2363000,1.862501,alphaL_C7ax,C7ax,31,15.5
npbc,3726,3727,prod,2363000,1.862501,prod,2364000,1.8635009999999999,C7ax,alphaL_C7ax,2,1.0
npbc,3728,3730,prod,2364000,1.8635009999999999,prod,2365500,1.865001,alphaL_C7ax,C7ax,3,1.5
npbc,3731,3734,prod,2365500,1.865001,prod,2367500,1.8670010000000001,C7ax,alphaL_C7ax,4,2.0
npbc,3735,3735,prod,2367500,1.8670010000000001,prod,2368000,1.8675009999999999,alphaL_C7ax,C7ax,1,0.5
npbc,3736,3740,prod,2368000,1.8675009999999999,prod,2370500,1.8700009999999998,C7ax,alphaL_C7ax,5,2.5
npbc,3741,3743,prod,2370500,1.8700009999999998,prod,2372000,1.8715009999999999,alphaL_C7ax,C7ax,3,1.5
npbc,3744,3744,prod,2372000,1.8715009999999999,prod,2372500,1.872001,C7ax,alphaL_C7ax,1,0.5
npbc,3745,3746,prod,2372500,1.872001,prod,2373500,1.873001,alphaL_C7ax,C7ax,2,1.0
npbc,3747,3752,prod,2373500,1.873001,prod,2376500,1.876001,C7ax,alphaL_C7ax,6,3.0
npbc,3753,3753,prod,2376500,1.876001,prod,2377000,1.8765009999999998,alphaL_C7ax,C7ax,1,0.5
npbc,3754,3758,prod,2377000,1.8765009999999998,prod,2379500,1.8790010000000001,C7ax,alphaL_C7ax,5,2.5
npbc,3759,3759,prod,2379500,1.8790010000000001,prod,2380000,1.8795009999999999,alphaL_C7ax,C7ax,1,0.5
npbc,3760,3760,prod,2380000,1.8795009999999999,prod,2380500,1.880001,C7ax,alphaL_C7ax,1,0.5
npbc,3761,3761,prod,2380500,1.880001,prod,2381000,1.8805009999999998,alphaL_C7ax,C7ax,1,0.5
npbc,3762,3765,prod,2381000,1.8805009999999998,prod,2383000,1.882501,C7ax,alphaL_C7ax,4,2.0
npbc,3766,3768,prod,2383000,1.882501,prod,2384500,1.884001,alphaL_C7ax,C7ax,3,1.5
npbc,3769,3769,prod,2384500,1.884001,prod,2385000,1.8845009999999998,C7ax,alphaL_C7ax,1,0.5
npbc,3770,3772,prod,2385000,1.8845009999999998,prod,2386500,1.8860009999999998,alphaL_C7ax,C7ax,3,1.5
npbc,3773,3805,prod,2386500,1.8860009999999998,prod,2403000,1.902501,C7ax,alphaL,33,16.5
npbc,3806,3806,prod,2403000,1.902501,prod,2403500,1.9030010000000002,alphaL,C7ax,1,0.5
npbc,3807,3841,prod,2403500,1.9030010000000002,prod,2421000,1.9205009999999998,C7ax,alphaL,35,17.5
npbc,3842,3842,prod,2421000,1.9205009999999998,prod,2421500,1.921001,alphaL,C7ax,1,0.5
npbc,3843,3999,prod,2421500,1.921001,prod,2500000,1.999501,C7ax,alphaL,157,78.5
npbc,4000,4000,prod,2500000,1.999501,prod,2500500,2.000001,alphaL,C7ax,1,0.5
npbc,4001,4052,prod,2500500,2.000001,prod,2526500,2.026001,C7ax,alphaL_C7ax,52,26.0
npbc,4053,4055,prod,2526500,2.026001,prod,2528000,2.027501,alphaL_C7ax,C7ax,3,1.5
npbc,4056,4063,prod,2528000,2.027501,prod,2532000,2.031501,C7ax,alphaL_C7ax,8,4.0
npbc,4064,4064,prod,2532000,2.031501,prod,2532500,2.032001,alphaL_C7ax,C7ax,1,0.5
npbc,4065,4065,prod,2532500,2.032001,prod,2533000,2.032501,C7ax,alphaL_C7ax,1,0.5
npbc,4066,4106,prod,2533000,2.032501,prod,2553500,2.053001,alphaL_C7ax,alphaL,41,20.5
npbc,4107,4107,prod,2553500,2.053001,prod,2554000,2.053501,alphaL,alphaL_C7ax,1,0.5
npbc,4108,4109,prod,2554000,2.053501,prod,2555000,2.054501,alphaL_C7ax,alphaL,2,1.0
npbc,4110,4114,prod,2555000,2.054501,prod,2557500,2.057001,alphaL,alphaL_C7ax,5,2.5
npbc,4115,4131,prod,2557500,2.057001,prod,2566000,2.065501,alphaL_C7ax,alphaL,17,8.5
npbc,4132,4132,prod,2566000,2.065501,prod,2566500,2.066001,alphaL,alphaL_C7ax,1,0.5
npbc,4133,4133,prod,2566500,2.066001,prod,2567000,2.066501,alphaL_C7ax,alphaL,1,0.5
npbc,4134,4135,prod,2567000,2.066501,prod,2568000,2.067501,alphaL,alphaL_C7ax,2,1.0
npbc,4136,4137,prod,2568000,2.067501,prod,2569000,2.068501,alphaL_C7ax,alphaL,2,1.0
npbc,4138,4139,prod,2569000,2.068501,prod,2570000,2.069501,alphaL,alphaL_C7ax,2,1.0
npbc,4140,4148,prod,2570000,2.069501,prod,2574500,2.074001,alphaL_C7ax,alphaL,9,4.5
npbc,4149,4149,prod,2574500,2.074001,prod,2575000,2.074501,alphaL,alphaL_C7ax,1,0.5
npbc,4150,4204,prod,2575000,2.074501,prod,2602500,2.102001,alphaL_C7ax,C5,55,27.5
npbc,4205,4245,prod,2602500,2.102001,prod,2623000,2.1225009999999997,C5,PPII,41,20.5
npbc,4246,4246,prod,2623000,2.1225009999999997,prod,2623500,2.123001,PPII,C5,1,0.5
npbc,4247,4248,prod,2623500,2.123001,prod,2624500,2.124001,C5,PPII,2,1.0
npbc,4249,4249,prod,2624500,2.124001,prod,2625000,2.124501,PPII,C5,1,0.5
npbc,4250,4276,prod,2625000,2.124501,prod,2638500,2.138001,C5,PPII,27,13.5
npbc,4277,4278,prod,2638500,2.138001,prod,2639500,2.139001,PPII,C5,2,1.0
npbc,4279,4324,prod,2639500,2.139001,prod,2662500,2.162001,C5,PPII,46,23.0
npbc,4325,4326,prod,2662500,2.162001,prod,2663500,2.163001,PPII,C5,2,1.0
npbc,4327,4421,prod,2663500,2.163001,prod,2711000,2.210501,C5,PPII,95,47.5
npbc,4422,4422,prod,2711000,2.210501,prod,2711500,2.211001,PPII,C5,1,0.5
npbc,4423,4648,prod,2711500,2.211001,prod,2824500,2.324001,C5,PPII,226,113.0
npbc,4649,4649,prod,2824500,2.324001,prod,2825000,2.324501,PPII,C5,1,0.5
npbc,4650,4654,prod,2825000,2.324501,prod,2827500,2.327001,C5,PPII,5,2.5
npbc,4655,4655,prod,2827500,2.327001,prod,2828000,2.327501,PPII,C5,1,0.5
npbc,4656,4739,prod,2828000,2.327501,prod,2870000,2.369501,C5,C7ax,84,42.0
npbc,4740,4745,prod,2870000,2.369501,prod,2873000,2.3725009999999997,C7ax,C5,6,3.0
npbc,4746,4839,prod,2873000,2.3725009999999997,prod,2920000,2.419501,C5,alphaR,94,47.0
npbc,4840,4846,prod,2920000,2.419501,prod,2923500,2.4230009999999997,alphaR,alpha_prime,7,3.5
npbc,4847,4847,prod,2923500,2.4230009999999997,prod,2924000,2.423501,alpha_prime,alphaR,1,0.5
npbc,4848,4853,prod,2924000,2.423501,prod,2927000,2.426501,alphaR,C5,6,3.0
npbc,4854,4874,prod,2927000,2.426501,prod,2937500,2.437001,C5,C7eq,21,10.5
npbc,4875,4875,prod,2937500,2.437001,prod,2938000,2.437501,C7eq,C5,1,0.5
npbc,4876,4876,prod,2938000,2.437501,prod,2938500,2.438001,C5,PPII,1,0.5
npbc,4877,4877,prod,2938500,2.438001,prod,2939000,2.438501,PPII,C5,1,0.5
npbc,4878,4933,prod,2939000,2.438501,prod,2967000,2.466501,C5,C7eq,56,28.0
npbc,4934,4934,prod,2967000,2.466501,prod,2967500,2.4670009999999998,C7eq,PPII,1,0.5
npbc,4935,4935,prod,2967500,2.4670009999999998,prod,2968000,2.467501,PPII,C7eq,1,0.5
npbc,4936,4936,prod,2968000,2.467501,prod,2968500,2.468001,C7eq,C5,1,0.5
npbc,4937,4937,prod,2968500,2.468001,prod,2969000,2.468501,C5,PPII,1,0.5
npbc,4938,4939,prod,2969000,2.468501,prod,2970000,2.4695009999999997,PPII,C7eq,2,1.0
npbc,4940,4941,prod,2970000,2.4695009999999997,prod,2971000,2.470501,C7eq,PPII,2,1.0
npbc,4942,4942,prod,2971000,2.470501,prod,2971500,2.471001,PPII,C7eq,1,0.5
npbc,4943,4944,prod,2971500,2.471001,prod,2972500,2.472001,C7eq,C5,2,1.0
npbc,4945,5261,prod,2972500,2.472001,prod,3131000,2.630501,C5,PPII,317,158.5
npbc,5262,5262,prod,3131000,2.630501,prod,3131500,2.631001,PPII,C5,1,0.5
npbc,5263,5270,prod,3131500,2.631001,prod,3135500,2.635001,C5,PPII,8,4.0
npbc,5271,5273,prod,3135500,2.635001,prod,3137000,2.636501,PPII,C5,3,1.5
npbc,5274,5361,prod,3137000,2.636501,prod,3181000,2.680501,C5,PPII,88,44.0
npbc,5362,5364,prod,3181000,2.680501,prod,3182500,2.682001,PPII,C7eq,3,1.5
npbc,5365,5366,prod,3182500,2.682001,prod,3183500,2.683001,C7eq,C5,2,1.0
npbc,5367,5368,prod,3183500,2.683001,prod,3184500,2.684001,C5,C7eq,2,1.0
npbc,5369,5369,prod,3184500,2.684001,prod,3185000,2.684501,C7eq,C5,1,0.5
npbc,5370,5401,prod,3185000,2.684501,prod,3201000,2.700501,C5,alphaR,32,16.0
npbc,5402,5402,prod,3201000,2.700501,prod,3201500,2.701001,alphaR,C5,1,0.5
npbc,5403,5489,prod,3201500,2.701001,prod,3245000,2.744501,C5,PPII,87,43.5
npbc,5490,5490,prod,3245000,2.744501,prod,3245500,2.7450010000000002,PPII,C5,1,0.5
npbc,5491,5528,prod,3245500,2.7450010000000002,prod,3264500,2.764001,C5,PPII,38,19.0
npbc,5529,5532,prod,3264500,2.764001,prod,3266500,2.766001,PPII,C5,4,2.0
npbc,5533,5545,prod,3266500,2.766001,prod,3273000,2.772501,C5,C7eq,13,6.5
npbc,5546,5548,prod,3273000,2.772501,prod,3274500,2.774001,C7eq,alpha_prime,3,1.5
npbc,5549,5549,prod,3274500,2.774001,prod,3275000,2.774501,alpha_prime,C7eq,1,0.5
npbc,5550,5693,prod,3275000,2.774501,prod,3347000,2.846501,C7eq,C5,144,72.0
npbc,5694,5697,prod,3347000,2.846501,prod,3349000,2.848501,C5,PPII,4,2.0
npbc,5698,5702,prod,3349000,2.848501,prod,3351500,2.851001,PPII,C7eq,5,2.5
npbc,5703,5707,prod,3351500,2.851001,prod,3354000,2.853501,C7eq,alpha_prime,5,2.5
npbc,5708,5708,prod,3354000,2.853501,prod,3354500,2.8540010000000002,alpha_prime,C7eq,1,0.5
npbc,5709,5757,prod,3354500,2.8540010000000002,prod,3379000,2.878501,C7eq,PPII,49,24.5
npbc,5758,5758,prod,3379000,2.878501,prod,3379500,2.879001,PPII,C7eq,1,0.5
npbc,5759,5764,prod,3379500,2.879001,prod,3382500,2.882001,C7eq,PPII,6,3.0
npbc,5765,5765,prod,3382500,2.882001,prod,3383000,2.882501,PPII,C5,1,0.5
npbc,5766,5807,prod,3383000,2.882501,prod,3404000,2.903501,C5,PPII,42,21.0
npbc,5808,5808,prod,3404000,2.903501,prod,3404500,2.904001,PPII,C5,1,0.5
npbc,5809,5930,prod,3404500,2.904001,prod,3465500,2.965001,C5,alphaR,122,61.0
npbc,5931,5931,prod,3465500,2.965001,prod,3466000,2.965501,alphaR,C5,1,0.5
npbc,5932,6230,prod,3466000,2.965501,prod,3615500,3.115001,C5,PPII,299,149.5
npbc,6231,6231,prod,3615500,3.115001,prod,3616000,3.115501,PPII,C5,1,0.5
npbc,6232,6232,prod,3616000,3.115501,prod,3616500,3.1160010000000002,C5,C7eq,1,0.5
npbc,6233,6234,prod,3616500,3.1160010000000002,prod,3617500,3.117001,C7eq,PPII,2,1.0
npbc,6235,6236,prod,3617500,3.117001,prod,3618500,3.118001,PPII,C7eq,2,1.0
npbc,6237,6237,prod,3618500,3.118001,prod,3619000,3.118501,C7eq,PPII,1,0.5
npbc,6238,6239,prod,3619000,3.118501,prod,3620000,3.119501,PPII,C7eq,2,1.0
npbc,6240,6240,prod,3620000,3.119501,prod,3620500,3.120001,C7eq,C5,1,0.5
npbc,6241,6468,prod,3620500,3.120001,prod,3734500,3.234001,C5,PPII,228,114.0
npbc,6469,6469,prod,3734500,3.234001,prod,3735000,3.234501,PPII,C5,1,0.5
npbc,6470,6470,prod,3735000,3.234501,prod,3735500,3.235001,C5,C7eq,1,0.5
npbc,6471,6471,prod,3735500,3.235001,prod,3736000,3.235501,C7eq,C5,1,0.5
npbc,6472,6473,prod,3736000,3.235501,prod,3737000,3.236501,C5,PPII,2,1.0
npbc,6474,6474,prod,3737000,3.236501,prod,3737500,3.237001,PPII,C5,1,0.5
npbc,6475,6475,prod,3737500,3.237001,prod,3738000,3.237501,C5,PPII,1,0.5
npbc,6476,6477,prod,3738000,3.237501,prod,3739000,3.238501,PPII,C5,2,1.0
npbc,6478,6478,prod,3739000,3.238501,prod,3739500,3.239001,C5,C7eq,1,0.5
npbc,6479,6527,prod,3739500,3.239001,prod,3764000,3.263501,C7eq,PPII,49,24.5
npbc,6528,6530,prod,3764000,3.263501,prod,3765500,3.265001,PPII,C5,3,1.5
npbc,6531,6531,prod,3765500,3.265001,prod,3766000,3.265501,C5,PPII,1,0.5
npbc,6532,6532,prod,3766000,3.265501,prod,3766500,3.266001,PPII,C5,1,0.5
npbc,6533,6545,prod,3766500,3.266001,prod,3773000,3.272501,C5,C7eq,13,6.5
npbc,6546,6546,prod,3773000,3.272501,prod,3773500,3.273001,C7eq,PPII,1,0.5
npbc,6547,6547,prod,3773500,3.273001,prod,3774000,3.273501,PPII,C7eq,1,0.5
npbc,6548,6554,prod,3774000,3.273501,prod,3777500,3.277001,C7eq,alpha_prime,7,3.5
npbc,6555,6555,prod,3777500,3.277001,prod,3778000,3.277501,alpha_prime,C7eq,1,0.5
npbc,6556,6574,prod,3778000,3.277501,prod,3787500,3.287001,C7eq,alpha_prime,19,9.5
npbc,6575,6575,prod,3787500,3.287001,prod,3788000,3.2875010000000002,alpha_prime,C7eq,1,0.5
npbc,6576,6587,prod,3788000,3.2875010000000002,prod,3794000,3.293501,C7eq,PPII,12,6.0
npbc,6588,6594,prod,3794000,3.293501,prod,3797500,3.297001,PPII,C5,7,3.5
npbc,6595,6595,prod,3797500,3.297001,prod,3798000,3.297501,C5,PPII,1,0.5
npbc,6596,6596,prod,3798000,3.297501,prod,3798500,3.298001,PPII,C7eq,1,0.5
npbc,6597,6617,prod,3798500,3.298001,prod,3809000,3.308501,C7eq,C5,21,10.5
npbc,6618,6744,prod,3809000,3.308501,prod,3872500,3.372001,C5,PPII,127,63.5
npbc,6745,6745,prod,3872500,3.372001,prod,3873000,3.372501,PPII,C5,1,0.5
npbc,6746,6858,prod,3873000,3.372501,prod,3929500,3.429001,C5,PPII,113,56.5
npbc,6859,6859,prod,3929500,3.429001,prod,3930000,3.429501,PPII,C5,1,0.5
npbc,6860,6882,prod,3930000,3.429501,prod,3941500,3.441001,C5,PPII,23,11.5
npbc,6883,6883,prod,3941500,3.441001,prod,3942000,3.441501,PPII,C5,1,0.5
npbc,6884,6885,prod,3942000,3.441501,prod,3943000,3.442501,C5,PPII,2,1.0
npbc,6886,6886,prod,3943000,3.442501,prod,3943500,3.443001,PPII,C7eq,1,0.5
npbc,6887,6887,prod,3943500,3.443001,prod,3944000,3.443501,C7eq,C5,1,0.5
npbc,6888,6888,prod,3944000,3.443501,prod,3944500,3.444001,C5,PPII,1,0.5
npbc,6889,6890,prod,3944500,3.444001,prod,3945500,3.445001,PPII,C7eq,2,1.0
npbc,6891,6920,prod,3945500,3.445001,prod,3960500,3.460001,C7eq,alpha_prime,30,15.0
npbc,6921,6921,prod,3960500,3.460001,prod,3961000,3.460501,alpha_prime,C7eq,1,0.5
npbc,6922,6993,prod,3961000,3.460501,prod,3997000,3.496501,C7eq,PPII,72,36.0
npbc,6994,6994,prod,3997000,3.496501,prod,3997500,3.497001,PPII,C7eq,1,0.5
npbc,6995,7010,prod,3997500,3.497001,prod,4005500,3.505001,C7eq,alphaR,16,8.0
npbc,7011,7011,prod,4005500,3.505001,prod,4006000,3.505501,alphaR,C7eq,1,0.5
npbc,7012,7039,prod,4006000,3.505501,prod,4020000,3.519501,C7eq,alpha_prime,28,14.0
npbc,7040,7040,prod,4020000,3.519501,prod,4020500,3.520001,alpha_prime,C7eq,1,0.5
npbc,7041,7052,prod,4020500,3.520001,prod,4026500,3.526001,C7eq,C5,12,6.0
npbc,7053,7053,prod,4026500,3.526001,prod,4027000,3.526501,C5,PPII,1,0.5
npbc,7054,7054,prod,4027000,3.526501,prod,4027500,3.527001,PPII,C7eq,1,0.5
npbc,7055,7061,prod,4027500,3.527001,prod,4031000,3.530501,C7eq,C5,7,3.5
npbc,7062,7537,prod,4031000,3.530501,prod,4269000,3.768501,C5,PPII,476,238.0
npbc,7538,7538,prod,4269000,3.768501,prod,4269500,3.769001,PPII,C5,1,0.5
npbc,7539,7539,prod,4269500,3.769001,prod,4270000,3.769501,C5,PPII,1,0.5
npbc,7540,7540,prod,4270000,3.769501,prod,4270500,3.770001,PPII,C5,1,0.5
npbc,7541,7541,prod,4270500,3.770001,prod,4271000,3.770501,C5,PPII,1,0.5
npbc,7542,7543,prod,4271000,3.770501,prod,4272000,3.7715009999999998,PPII,C5,2,1.0
npbc,7544,7552,prod,4272000,3.7715009999999998,prod,4276500,3.776001,C5,PPII,9,4.5
npbc,7553,7553,prod,4276500,3.776001,prod,4277000,3.776501,PPII,C5,1,0.5
npbc,7554,7641,prod,4277000,3.776501,prod,4321000,3.820501,C5,PPII,88,44.0
npbc,7642,7645,prod,4321000,3.820501,prod,4323000,3.822501,PPII,C5,4,2.0
npbc,7646,7774,prod,4323000,3.822501,prod,4387500,3.887001,C5,PPII,129,64.5
npbc,7775,7777,prod,4387500,3.887001,prod,4389000,3.888501,PPII,C5,3,1.5
npbc,7778,7897,prod,4389000,3.888501,prod,4449000,3.948501,C5,PPII,120,60.0
npbc,7898,7898,prod,4449000,3.948501,prod,4449500,3.949001,PPII,C5,1,0.5
npbc,7899,8133,prod,4449500,3.949001,prod,4567000,4.066501,C5,PPII,235,117.5
npbc,8134,8135,prod,4567000,4.066501,prod,4568000,4.067501,PPII,C5,2,1.0
npbc,8136,8224,prod,4568000,4.067501,prod,4612500,4.112000999999999,C5,PPII,89,44.5
npbc,8225,8225,prod,4612500,4.112000999999999,prod,4613000,4.112501,PPII,C5,1,0.5
npbc,8226,8226,prod,4613000,4.112501,prod,4613500,4.113001,C5,PPII,1,0.5
npbc,8227,8229,prod,4613500,4.113001,prod,4615000,4.114501,PPII,C5,3,1.5
npbc,8230,8236,prod,4615000,4.114501,prod,4618500,4.118001,C5,PPII,7,3.5
npbc,8237,8237,prod,4618500,4.118001,prod,4619000,4.118501,PPII,C5,1,0.5
npbc,8238,8312,prod,4619000,4.118501,prod,4656500,4.156001,C5,C7eq,75,37.5
npbc,8313,8314,prod,4656500,4.156001,prod,4657500,4.157001,C7eq,PPII,2,1.0
npbc,8315,8316,prod,4657500,4.157001,prod,4658500,4.158001,PPII,C7eq,2,1.0
npbc,8317,8324,prod,4658500,4.158001,prod,4662500,4.162001,C7eq,PPII,8,4.0
npbc,8325,8325,prod,4662500,4.162001,prod,4663000,4.162501,PPII,C7eq,1,0.5
npbc,8326,8370,prod,4663000,4.162501,prod,4685500,4.185001,C7eq,PPII,45,22.5
npbc,8371,8371,prod,4685500,4.185001,prod,4686000,4.1855009999999995,PPII,C7eq,1,0.5
npbc,8372,8372,prod,4686000,4.1855009999999995,prod,4686500,4.186001,C7eq,C5,1,0.5
npbc,8373,8380,prod,4686500,4.186001,prod,4690500,4.190001,C5,PPII,8,4.0
npbc,8381,8384,prod,4690500,4.190001,prod,4692500,4.192000999999999,PPII,C7eq,4,2.0
npbc,8385,8399,prod,4692500,4.192000999999999,prod,4700000,4.199501,C7eq,PPII,15,7.5
npbc,8400,8400,prod,4700000,4.199501,prod,4700500,4.200000999999999,PPII,C7eq,1,0.5
npbc,8401,8407,prod,4700500,4.200000999999999,prod,4704000,4.203501,C7eq,PPII,7,3.5
npbc,8408,8408,prod,4704000,4.203501,prod,4704500,4.204001,PPII,C7eq,1,0.5
npbc,8409,8444,prod,4704500,4.204001,prod,4722500,4.222001,C7eq,alpha_prime,36,18.0
npbc,8445,8445,prod,4722500,4.222001,prod,4723000,4.222500999999999,alpha_prime,C7eq,1,0.5
npbc,8446,8449,prod,4723000,4.222500999999999,prod,4725000,4.224501,C7eq,alpha_prime,4,2.0
npbc,8450,8450,prod,4725000,4.224501,prod,4725500,4.225001,alpha_prime,C7eq,1,0.5
npbc,8451,8464,prod,4725500,4.225001,prod,4732500,4.2320009999999995,C7eq,alphaR,14,7.0
npbc,8465,8465,prod,4732500,4.2320009999999995,prod,4733000,4.232501,alphaR,C7eq,1,0.5
npbc,8466,8481,prod,4733000,4.232501,prod,4741000,4.240501,C7eq,alphaR,16,8.0
npbc,8482,8482,prod,4741000,4.240501,prod,4741500,4.241001,alphaR,C7eq,1,0.5
npbc,8483,8489,prod,4741500,4.241001,prod,4745000,4.244501,C7eq,alphaL,7,3.5
npbc,8490,8490,prod,4745000,4.244501,prod,4745500,4.245000999999999,alphaL,C7eq,1,0.5
npbc,8491,8496,prod,4745500,4.245000999999999,prod,4748500,4.2480009999999995,C7eq,alphaL,6,3.0
npbc,8497,8497,prod,4748500,4.2480009999999995,prod,4749000,4.248501,alphaL,C7eq,1,0.5
npbc,8498,8505,prod,4749000,4.248501,prod,4753000,4.252501,C7eq,PPII,8,4.0
npbc,8506,8506,prod,4753000,4.252501,prod,4753500,4.253000999999999,PPII,C7eq,1,0.5
npbc,8507,8513,prod,4753500,4.253000999999999,prod,4757000,4.256501,C7eq,PPII,7,3.5
npbc,8514,8515,prod,4757000,4.256501,prod,4758000,4.2575009999999995,PPII,C7eq,2,1.0
npbc,8516,8516,prod,4758000,4.2575009999999995,prod,4758500,4.258001,C7eq,PPII,1,0.5
npbc,8517,8519,prod,4758500,4.258001,prod,4760000,4.259500999999999,PPII,C7eq,3,1.5
npbc,8520,8520,prod,4760000,4.259500999999999,prod,4760500,4.260001,C7eq,C5,1,0.5
npbc,8521,8536,prod,4760500,4.260001,prod,4768500,4.268001,C5,PPII,16,8.0
npbc,8537,8540,prod,4768500,4.268001,prod,4770500,4.270001,PPII,C5,4,2.0
npbc,8541,8583,prod,4770500,4.270001,prod,4792000,4.291500999999999,C5,C7eq,43,21.5
npbc,8584,8584,prod,4792000,4.291500999999999,prod,4792500,4.292001,C7eq,PPII,1,0.5
npbc,8585,8586,prod,4792500,4.292001,prod,4793500,4.293000999999999,PPII,C5,2,1.0
npbc,8587,8600,prod,4793500,4.293000999999999,prod,4800500,4.300001,C5,PPII,14,7.0
npbc,8601,8601,prod,4800500,4.300001,prod,4801000,4.300501,PPII,C5,1,0.5
npbc,8602,8607,prod,4801000,4.300501,prod,4804000,4.303501,C5,C7eq,6,3.0
npbc,8608,8608,prod,4804000,4.303501,prod,4804500,4.3040009999999995,C7eq,C5,1,0.5
npbc,8609,8676,prod,4804500,4.3040009999999995,prod,4838500,4.338000999999999,C5,C7eq,68,34.0
npbc,8677,8678,prod,4838500,4.338000999999999,prod,4839500,4.339001,C7eq,C5,2,1.0
npbc,8679,8679,prod,4839500,4.339001,prod,4840000,4.339500999999999,C5,C7eq,1,0.5
npbc,8680,8680,prod,4840000,4.339500999999999,prod,4840500,4.340001,C7eq,C5,1,0.5
npbc,8681,8867,prod,4840500,4.340001,prod,4934000,4.433501,C5,alphaR,187,93.5
npbc,8868,8868,prod,4934000,4.433501,prod,4934500,4.434000999999999,alphaR,C5,1,0.5
npbc,8869,8906,prod,4934500,4.434000999999999,prod,4953500,4.4530009999999995,C5,PPII,38,19.0
npbc,8907,8908,prod,4953500,4.4530009999999995,prod,4954500,4.454001,PPII,C5,2,1.0
npbc,8909,8909,prod,4954500,4.454001,prod,4955000,4.454501,C5,PPII,1,0.5
npbc,8910,8913,prod,4955000,4.454501,prod,4957000,4.456500999999999,PPII,C7eq,4,2.0
npbc,8914,8914,prod,4957000,4.456500999999999,prod,4957500,4.457001,C7eq,C5,1,0.5
npbc,8915,8990,prod,4957500,4.457001,prod,4995500,4.495000999999999,C5,PPII,76,38.0
npbc,8991,8993,prod,4995500,4.495000999999999,prod,4997000,4.496500999999999,PPII,C5,3,1.5
npbc,8994,9073,prod,4997000,4.496500999999999,prod,5037000,4.536501,C5,PPII,80,40.0
npbc,9074,9074,prod,5037000,4.536501,prod,5037500,4.537001,PPII,C5,1,0.5
npbc,9075,9307,prod,5037500,4.537001,prod,5154000,4.653501,C5,PPII,233,116.5
npbc,9308,9308,prod,5154000,4.653501,prod,5154500,4.654001,PPII,C5,1,0.5
npbc,9309,9394,prod,5154500,4.654001,prod,5197500,4.697001,C5,PPII,86,43.0
npbc,9395,9395,prod,5197500,4.697001,prod,5198000,4.697501,PPII,C5,1,0.5
npbc,9396,9398,prod,5198000,4.697501,prod,5199500,4.699001,C5,alphaR,3,1.5
npbc,9399,9407,prod,5199500,4.699001,prod,5204000,4.703501,alphaR,alpha_prime,9,4.5
npbc,9408,9409,prod,5204000,4.703501,prod,5205000,4.704501,alpha_prime,C7eq,2,1.0
npbc,9410,9410,prod,5205000,4.704501,prod,5205500,4.705001,C7eq,alpha_prime,1,0.5
npbc,9411,9411,prod,5205500,4.705001,prod,5206000,4.705501,alpha_prime,C7eq,1,0.5
npbc,9412,9468,prod,5206000,4.705501,prod,5234500,4.734001,C7eq,C5,57,28.5
npbc,9469,9593,prod,5234500,4.734001,prod,5297000,4.796501,C5,C7ax,125,62.5
npbc,9594,9596,prod,5297000,4.796501,prod,5298500,4.798001,C7ax,alphaR,3,1.5
npbc,9597,9600,prod,5298500,4.798001,prod,5300500,4.800001,alphaR,C7ax,4,2.0
npbc,9601,9606,prod,5300500,4.800001,prod,5303500,4.803001,C7ax,alphaR,6,3.0
npbc,9607,9607,prod,5303500,4.803001,prod,5304000,4.803501,alphaR,C7ax,1,0.5
npbc,9608,9611,prod,5304000,4.803501,prod,5306000,4.805501,C7ax,alphaR,4,2.0
npbc,9612,9614,prod,5306000,4.805501,prod,5307500,4.807001,alphaR,C7ax,3,1.5
npbc,9615,9623,prod,5307500,4.807001,prod,5312000,4.811501,C7ax,C5,9,4.5
npbc,9624,9706,prod,5312000,4.811501,prod,5353500,4.853001,C5,PPII,83,41.5
npbc,9707,9708,prod,5353500,4.853001,prod,5354500,4.854001,PPII,C5,2,1.0
npbc,9709,9712,prod,5354500,4.854001,prod,5356500,4.856001,C5,PPII,4,2.0
npbc,9713,9713,prod,5356500,4.856001,prod,5357000,4.856501,PPII,C5,1,0.5
npbc,9714,9714,prod,5357000,4.856501,prod,5357500,4.857001,C5,PPII,1,0.5
npbc,9715,9715,prod,5357500,4.857001,prod,5358000,4.857501,PPII,C5,1,0.5
npbc,9716,9716,prod,5358000,4.857501,prod,5358500,4.858001,C5,PPII,1,0.5
npbc,9717,9717,prod,5358500,4.858001,prod,5359000,4.8585009999999995,PPII,C5,1,0.5
npbc,9718,9719,prod,5359000,4.8585009999999995,prod,5360000,4.859501,C5,PPII,2,1.0
npbc,9720,9720,prod,5360000,4.859501,prod,5360500,4.860001,PPII,C5,1,0.5
npbc,9721,9735,prod,5360500,4.860001,prod,5368000,4.867501,C5,C7ax,15,7.5
npbc,9736,9741,prod,5368000,4.867501,prod,5371000,4.870501,C7ax,alphaR,6,3.0
npbc,9742,9742,prod,5371000,4.870501,prod,5371500,4.871001,alphaR,C5,1,0.5
npbc,9743,9743,prod,5371500,4.871001,prod,5372000,4.871501,C5,C7ax,1,0.5
npbc,9744,9753,prod,5372000,4.871501,prod,5377000,4.876501,C7ax,alphaR,10,5.0
npbc,9754,9754,prod,5377000,4.876501,prod,5377500,4.877001,alphaR,C7ax,1,0.5
npbc,9755,9755,prod,5377500,4.877001,prod,5378000,4.877501,C7ax,alphaR,1,0.5
npbc,9756,9765,prod,5378000,4.877501,prod,5383000,4.8825009999999995,alphaR,C7eq,10,5.0
npbc,9766,9766,prod,5383000,4.8825009999999995,prod,5383500,4.883001,C7eq,alphaR,1,0.5
npbc,9767,9768,prod,5383500,4.883001,prod,5384500,4.884001,alphaR,C7eq,2,1.0
npbc,9769,9785,prod,5384500,4.884001,prod,5393000,4.892501,C7eq,PPII,17,8.5
npbc,9786,9786,prod,5393000,4.892501,prod,5393500,4.893001,PPII,C5,1,0.5
npbc,9787,9793,prod,5393500,4.893001,prod,5397000,4.896501,C5,PPII,7,3.5
npbc,9794,9794,prod,5397000,4.896501,prod,5397500,4.897001,PPII,C5,1,0.5
npbc,9795,9897,prod,5397500,4.897001,prod,5449000,4.948501,C5,PPII,103,51.5
npbc,9898,9898,prod,5449000,4.948501,prod,5449500,4.949001,PPII,C5,1,0.5
npbc,9899,9902,prod,5449500,4.949001,prod,5451500,4.951001,C5,PPII,4,2.0
npbc,9903,9906,prod,5451500,4.951001,prod,5453500,4.9530009999999995,PPII,C5,4,2.0
npbc,9907,9907,prod,5453500,4.9530009999999995,prod,5454000,4.953501,C5,PPII,1,0.5
npbc,9908,9909,prod,5454000,4.953501,prod,5455000,4.954501,PPII,C5,2,1.0
npbc,9910,9911,prod,5455000,4.954501,prod,5456000,4.955501,C5,PPII,2,1.0
npbc,9912,9912,prod,5456000,4.955501,prod,5456500,4.956001,PPII,C5,1,0.5
npbc,9913,9915,prod,5456500,4.956001,prod,5458000,4.957501,C5,PPII,3,1.5
npbc,9916,9916,prod,5458000,4.957501,prod,5458500,4.958001,PPII,C5,1,0.5
npbc,9917,9918,prod,5458500,4.958001,prod,5459500,4.959001,C5,C7eq,2,1.0
npbc,9919,9919,prod,5459500,4.959001,prod,5460000,4.959501,C7eq,PPII,1,0.5
npbc,9920,9921,prod,5460000,4.959501,prod,5461000,4.960501,PPII,C7eq,2,1.0
npbc,9922,9970,prod,5461000,4.960501,prod,5485500,4.985001,C7eq,alpha_prime,49,24.5
npbc,9971,9971,prod,5485500,4.985001,prod,5486000,4.985501,alpha_prime,C7eq,1,0.5
pbc,0,28,eq,500000,0.0,eq,514500,0.014499999999999999,C5,PPII,29,14.5
pbc,29,29,eq,514500,0.014499999999999999,eq,515000,0.015,PPII,C5,1,0.5
pbc,30,96,eq,515000,0.015,eq,548500,0.048499999999999995,C5,PPII,67,33.5
pbc,97,97,eq,548500,0.048499999999999995,eq,549000,0.048999999999999995,PPII,C5,1,0.5
pbc,98,145,eq,549000,0.048999999999999995,eq,573000,0.073,C5,alphaR,48,24.0
pbc,146,146,eq,573000,0.073,eq,573500,0.0735,alphaR,C5,1,0.5
pbc,147,381,eq,573500,0.0735,eq,691000,0.191,C5,PPII,235,117.5
pbc,382,382,eq,691000,0.191,eq,691500,0.1915,PPII,C7eq,1,0.5
pbc,383,383,eq,691500,0.1915,eq,692000,0.192,C7eq,C5,1,0.5
pbc,384,384,eq,692000,0.192,eq,692500,0.1925,C5,PPII,1,0.5
pbc,385,386,eq,692500,0.1925,eq,693500,0.19349999999999998,PPII,C7eq,2,1.0
pbc,387,398,eq,693500,0.19349999999999998,eq,699500,0.19949999999999998,C7eq,PPII,12,6.0
pbc,399,399,eq,699500,0.19949999999999998,eq,700000,0.19999999999999998,PPII,C7eq,1,0.5
pbc,400,401,eq,700000,0.19999999999999998,eq,701000,0.20099999999999998,C7eq,PPII,2,1.0
pbc,402,402,eq,701000,0.20099999999999998,eq,701500,0.20149999999999998,PPII,C7eq,1,0.5
pbc,403,404,eq,701500,0.20149999999999998,eq,702500,0.20249999999999999,C7eq,PPII,2,1.0
pbc,405,405,eq,702500,0.20249999999999999,eq,703000,0.20299999999999999,PPII,C5,1,0.5
pbc,406,409,eq,703000,0.20299999999999999,eq,705000,0.205,C5,PPII,4,2.0
pbc,410,410,eq,705000,0.205,eq,705500,0.2055,PPII,C5,1,0.5
pbc,411,416,eq,705500,0.2055,eq,708500,0.2085,C5,PPII,6,3.0
pbc,417,417,eq,708500,0.2085,eq,709000,0.209,PPII,C7eq,1,0.5
pbc,418,418,eq,709000,0.209,eq,709500,0.2095,C7eq,C5,1,0.5
pbc,419,443,eq,709500,0.2095,eq,722000,0.222,C5,PPII,25,12.5
pbc,444,444,eq,722000,0.222,eq,722500,0.2225,PPII,C5,1,0.5
pbc,445,445,eq,722500,0.2225,eq,723000,0.223,C5,PPII,1,0.5
pbc,446,446,eq,723000,0.223,eq,723500,0.22349999999999998,PPII,C5,1,0.5
pbc,447,625,eq,723500,0.22349999999999998,eq,813000,0.313,C5,PPII,179,89.5
pbc,626,626,eq,813000,0.313,eq,813500,0.3135,PPII,C5,1,0.5
pbc,627,699,eq,813500,0.3135,eq,850000,0.35,C5,PPII,73,36.5
pbc,700,700,eq,850000,0.35,eq,850500,0.3505,PPII,C5,1,0.5
pbc,701,714,eq,850500,0.3505,eq,857500,0.3575,C5,PPII,14,7.0
pbc,715,715,eq,857500,0.3575,eq,858000,0.358,PPII,C5,1,0.5
pbc,716,717,eq,858000,0.358,eq,859000,0.359,C5,PPII,2,1.0
pbc,718,718,eq,859000,0.359,eq,859500,0.3595,PPII,C5,1,0.5
pbc,719,722,eq,859500,0.3595,eq,861500,0.3615,C5,PPII,4,2.0
pbc,723,724,eq,861500,0.3615,eq,862500,0.3625,PPII,C5,2,1.0
pbc,725,842,eq,862500,0.3625,eq,921500,0.4215,C5,PPII,118,59.0
pbc,843,843,eq,921500,0.4215,eq,922000,0.422,PPII,C5,1,0.5
pbc,844,844,eq,922000,0.422,eq,922500,0.4225,C5,PPII,1,0.5
pbc,845,845,eq,922500,0.4225,eq,923000,0.423,PPII,C5,1,0.5
pbc,846,849,eq,923000,0.423,eq,925000,0.425,C5,PPII,4,2.0
pbc,850,855,eq,925000,0.425,eq,928000,0.428,PPII,C7eq,6,3.0
pbc,856,856,eq,928000,0.428,eq,928500,0.4285,C7eq,PPII,1,0.5
pbc,857,857,eq,928500,0.4285,eq,929000,0.429,PPII,C5,1,0.5
pbc,858,970,eq,929000,0.429,eq,985500,0.4855,C5,alphaR,113,56.5
pbc,971,971,eq,985500,0.4855,eq,986000,0.486,alphaR,C5,1,0.5
pbc,972,994,eq,986000,0.486,eq,997500,0.4975,C5,alphaR,23,11.5
pbc,995,995,eq,997500,0.4975,eq,998000,0.498,alphaR,C5,1,0.5
pbc,996,1040,eq,998000,0.498,prod,1020500,0.520001,C5,PPII,45,22.5
pbc,1041,1041,prod,1020500,0.520001,prod,1021000,0.520501,PPII,C5,1,0.5
pbc,1042,1045,prod,1021000,0.520501,prod,1023000,0.522501,C5,PPII,4,2.0
pbc,1046,1048,prod,1023000,0.522501,prod,1024500,0.524001,PPII,C5,3,1.5
pbc,1049,1049,prod,1024500,0.524001,prod,1025000,0.524501,C5,PPII,1,0.5
pbc,1050,1050,prod,1025000,0.524501,prod,1025500,0.525001,PPII,C5,1,0.5
pbc,1051,1051,prod,1025500,0.525001,prod,1026000,0.525501,C5,PPII,1,0.5
pbc,1052,1052,prod,1026000,0.525501,prod,1026500,0.526001,PPII,C5,1,0.5
pbc,1053,1161,prod,1026500,0.526001,prod,1081000,0.580501,C5,PPII,109,54.5
pbc,1162,1166,prod,1081000,0.580501,prod,1083500,0.583001,PPII,C7eq,5,2.5
pbc,1167,1174,prod,1083500,0.583001,prod,1087500,0.587001,C7eq,PPII,8,4.0
pbc,1175,1175,prod,1087500,0.587001,prod,1088000,0.587501,PPII,C5,1,0.5
pbc,1176,1176,prod,1088000,0.587501,prod,1088500,0.588001,C5,PPII,1,0.5
pbc,1177,1177,prod,1088500,0.588001,prod,1089000,0.588501,PPII,C7eq,1,0.5
pbc,1178,1207,prod,1089000,0.588501,prod,1104000,0.6035010000000001,C7eq,alpha_prime,30,15.0
pbc,1208,1208,prod,1104000,0.6035010000000001,prod,1104500,0.604001,alpha_prime,C7eq,1,0.5
pbc,1209,1210,prod,1104500,0.604001,prod,1105500,0.605001,C7eq,alphaR,2,1.0
pbc,1211,1211,prod,1105500,0.605001,prod,1106000,0.6055010000000001,alphaR,C7eq,1,0.5
pbc,1212,1214,prod,1106000,0.6055010000000001,prod,1107500,0.607001,C7eq,alphaR,3,1.5
pbc,1215,1215,prod,1107500,0.607001,prod,1108000,0.6075010000000001,alphaR,C7eq,1,0.5
pbc,1216,1254,prod,1108000,0.6075010000000001,prod,1127500,0.627001,C7eq,alphaR,39,19.5
pbc,1255,1255,prod,1127500,0.627001,prod,1128000,0.6275010000000001,alphaR,alpha_prime,1,0.5
pbc,1256,1256,prod,1128000,0.6275010000000001,prod,1128500,0.628001,alpha_prime,alphaR,1,0.5
pbc,1257,1259,prod,1128500,0.628001,prod,1130000,0.6295010000000001,alphaR,C7eq,3,1.5
pbc,1260,1260,prod,1130000,0.6295010000000001,prod,1130500,0.630001,C7eq,alphaR,1,0.5
pbc,1261,1261,prod,1130500,0.630001,prod,1131000,0.630501,alphaR,C7eq,1,0.5
pbc,1262,1262,prod,1131000,0.630501,prod,1131500,0.631001,C7eq,alphaR,1,0.5
pbc,1263,1263,prod,1131500,0.631001,prod,1132000,0.6315010000000001,alphaR,C7eq,1,0.5
pbc,1264,1267,prod,1132000,0.6315010000000001,prod,1134000,0.6335010000000001,C7eq,alphaR,4,2.0
pbc,1268,1268,prod,1134000,0.6335010000000001,prod,1134500,0.634001,alphaR,C7eq,1,0.5
pbc,1269,1276,prod,1134500,0.634001,prod,1138500,0.638001,C7eq,alpha_prime,8,4.0
pbc,1277,1277,prod,1138500,0.638001,prod,1139000,0.638501,alpha_prime,C7eq,1,0.5
pbc,1278,1280,prod,1139000,0.638501,prod,1140500,0.640001,C7eq,alpha_prime,3,1.5
pbc,1281,1281,prod,1140500,0.640001,prod,1141000,0.640501,alpha_prime,C7eq,1,0.5
pbc,1282,1283,prod,1141000,0.640501,prod,1142000,0.641501,C7eq,alpha_prime,2,1.0
pbc,1284,1284,prod,1142000,0.641501,prod,1142500,0.642001,alpha_prime,C7eq,1,0.5
pbc,1285,1302,prod,1142500,0.642001,prod,1151500,0.651001,C7eq,alpha_prime,18,9.0
pbc,1303,1303,prod,1151500,0.651001,prod,1152000,0.651501,alpha_prime,C7eq,1,0.5
pbc,1304,1304,prod,1152000,0.651501,prod,1152500,0.652001,C7eq,alphaR,1,0.5
pbc,1305,1305,prod,1152500,0.652001,prod,1153000,0.652501,alphaR,C7eq,1,0.5
pbc,1306,1309,prod,1153000,0.652501,prod,1155000,0.654501,C7eq,alphaR,4,2.0
pbc,1310,1310,prod,1155000,0.654501,prod,1155500,0.655001,alphaR,C7eq,1,0.5
pbc,1311,1329,prod,1155500,0.655001,prod,1165000,0.664501,C7eq,alphaL,19,9.5
pbc,1330,1330,prod,1165000,0.664501,prod,1165500,0.665001,alphaL,C7eq,1,0.5
pbc,1331,1372,prod,1165500,0.665001,prod,1186500,0.6860010000000001,C7eq,alpha_prime,42,21.0
pbc,1373,1373,prod,1186500,0.6860010000000001,prod,1187000,0.686501,alpha_prime,C7eq,1,0.5
pbc,1374,1456,prod,1187000,0.686501,prod,1228500,0.728001,C7eq,PPII,83,41.5
pbc,1457,1457,prod,1228500,0.728001,prod,1229000,0.7285010000000001,PPII,C7eq,1,0.5
pbc,1458,1459,prod,1229000,0.7285010000000001,prod,1230000,0.729501,C7eq,C5,2,1.0
pbc,1460,1509,prod,1230000,0.729501,prod,1255000,0.7545010000000001,C5,PPII,50,25.0
pbc,1510,1510,prod,1255000,0.7545010000000001,prod,1255500,0.755001,PPII,C7eq,1,0.5
pbc,1511,1511,prod,1255500,0.755001,prod,1256000,0.755501,C7eq,PPII,1,0.5
pbc,1512,1512,prod,1256000,0.755501,prod,1256500,0.756001,PPII,C5,1,0.5
pbc,1513,1620,prod,1256500,0.756001,prod,1310500,0.810001,C5,C7eq,108,54.0
pbc,1621,1660,prod,1310500,0.810001,prod,1330500,0.830001,C7eq,C5,40,20.0
pbc,1661,1661,prod,1330500,0.830001,prod,1331000,0.8305009999999999,C5,C7eq,1,0.5
pbc,1662,1667,prod,1331000,0.8305009999999999,prod,1334000,0.833501,C7eq,PPII,6,3.0
pbc,1668,1668,prod,1334000,0.833501,prod,1334500,0.834001,PPII,C5,1,0.5
pbc,1669,1669,prod,1334500,0.834001,prod,1335000,0.8345009999999999,C5,C7eq,1,0.5
pbc,1670,1673,prod,1335000,0.8345009999999999,prod,1337000,0.8365009999999999,C7eq,PPII,4,2.0
pbc,1674,1676,prod,1337000,0.8365009999999999,prod,1338500,0.838001,PPII,C5,3,1.5
pbc,1677,1677,prod,1338500,0.838001,prod,1339000,0.8385009999999999,C5,PPII,1,0.5
pbc,1678,1678,prod,1339000,0.8385009999999999,prod,1339500,0.839001,PPII,C5,1,0.5
pbc,1679,1682,prod,1339500,0.839001,prod,1341500,0.841001,C5,C7eq,4,2.0
pbc,1683,1685,prod,1341500,0.841001,prod,1343000,0.8425009999999999,C7eq,C5,3,1.5
pbc,1686,1686,prod,1343000,0.8425009999999999,prod,1343500,0.843001,C5,C7eq,1,0.5
pbc,1687,1687,prod,1343500,0.843001,prod,1344000,0.8435010000000001,C7eq,C5,1,0.5
pbc,1688,1689,prod,1344000,0.8435010000000001,prod,1345000,0.844501,C5,PPII,2,1.0
pbc,1690,1696,prod,1345000,0.844501,prod,1348500,0.848001,PPII,C7eq,7,3.5
pbc,1697,1697,prod,1348500,0.848001,prod,1349000,0.848501,C7eq,C5,1,0.5
pbc,1698,1698,prod,1349000,0.848501,prod,1349500,0.849001,C5,C7eq,1,0.5
pbc,1699,1699,prod,1349500,0.849001,prod,1350000,0.8495010000000001,C7eq,PPII,1,0.5
pbc,1700,1700,prod,1350000,0.8495010000000001,prod,1350500,0.850001,PPII,C7eq,1,0.5
pbc,1701,1701,prod,1350500,0.850001,prod,1351000,0.850501,C7eq,C5,1,0.5
pbc,1702,1703,prod,1351000,0.850501,prod,1352000,0.8515010000000001,C5,C7eq,2,1.0
pbc,1704,1704,prod,1352000,0.8515010000000001,prod,1352500,0.852001,C7eq,PPII,1,0.5
pbc,1705,1705,prod,1352500,0.852001,prod,1353000,0.852501,PPII,C7eq,1,0.5
pbc,1706,1706,prod,1353000,0.852501,prod,1353500,0.853001,C7eq,PPII,1,0.5
pbc,1707,1708,prod,1353500,0.853001,prod,1354500,0.854001,PPII,C5,2,1.0
pbc,1709,1739,prod,1354500,0.854001,prod,1370000,0.8695010000000001,C5,PPII,31,15.5
pbc,1740,1741,prod,1370000,0.8695010000000001,prod,1371000,0.870501,PPII,C7eq,2,1.0
pbc,1742,1743,prod,1371000,0.870501,prod,1372000,0.8715010000000001,C7eq,PPII,2,1.0
pbc,1744,1744,prod,1372000,0.8715010000000001,prod,1372500,0.872001,PPII,C7eq,1,0.5
pbc,1745,1749,prod,1372500,0.872001,prod,1375000,0.874501,C7eq,PPII,5,2.5
pbc,1750,1752,prod,1375000,0.874501,prod,1376500,0.876001,PPII,C5,3,1.5
pbc,1753,1919,prod,1376500,0.876001,prod,1460000,0.9595009999999999,C5,PPII,167,83.5
pbc,1920,1921,prod,1460000,0.9595009999999999,prod,1461000,0.960501,PPII,C5,2,1.0
pbc,1922,2016,prod,1461000,0.960501,prod,1508500,1.0080010000000001,C5,C7eq,95,47.5
pbc,2017,2020,prod,1508500,1.0080010000000001,prod,1510500,1.010001,C7eq,C5,4,2.0
pbc,2021,2026,prod,1510500,1.010001,prod,1513500,1.013001,C5,PPII,6,3.0
pbc,2027,2027,prod,1513500,1.013001,prod,1514000,1.013501,PPII,C5,1,0.5
pbc,2028,2078,prod,1514000,1.013501,prod,1539500,1.0390009999999998,C5,C7eq,51,25.5
pbc,2079,2094,prod,1539500,1.0390009999999998,prod,1547500,1.0470009999999998,C7eq,alphaR,16,8.0
pbc,2095,2096,prod,1547500,1.0470009999999998,prod,1548500,1.048001,alphaR,C7eq,2,1.0
pbc,2097,2097,prod,1548500,1.048001,prod,1549000,1.048501,C7eq,alphaR,1,0.5
pbc,2098,2099,prod,1549000,1.048501,prod,1550000,1.049501,alphaR,C7eq,2,1.0
pbc,2100,2125,prod,1550000,1.049501,prod,1563000,1.0625010000000001,C7eq,alphaR,26,13.0
pbc,2126,2126,prod,1563000,1.0625010000000001,prod,1563500,1.0630009999999999,alphaR,C7eq,1,0.5
pbc,2127,2131,prod,1563500,1.0630009999999999,prod,1566000,1.065501,C7eq,alphaR,5,2.5
pbc,2132,2135,prod,1566000,1.065501,prod,1568000,1.067501,alphaR,C7eq,4,2.0
pbc,2136,2136,prod,1568000,1.067501,prod,1568500,1.068001,C7eq,alpha_prime,1,0.5
pbc,2137,2138,prod,1568500,1.068001,prod,1569500,1.069001,alpha_prime,alphaR,2,1.0
pbc,2139,2142,prod,1569500,1.069001,prod,1571500,1.0710009999999999,alphaR,C7eq,4,2.0
pbc,2143,2143,prod,1571500,1.0710009999999999,prod,1572000,1.071501,C7eq,alphaR,1,0.5
pbc,2144,2145,prod,1572000,1.071501,prod,1573000,1.072501,alphaR,alpha_prime,2,1.0
pbc,2146,2146,prod,1573000,1.072501,prod,1573500,1.073001,alpha_prime,C7eq,1,0.5
pbc,2147,2148,prod,1573500,1.073001,prod,1574500,1.074001,C7eq,alpha_prime,2,1.0
pbc,2149,2149,prod,1574500,1.074001,prod,1575000,1.0745010000000002,alpha_prime,C7eq,1,0.5
pbc,2150,2170,prod,1575000,1.0745010000000002,prod,1585500,1.085001,C7eq,PPII,21,10.5
pbc,2171,2171,prod,1585500,1.085001,prod,1586000,1.085501,PPII,C7eq,1,0.5
pbc,2172,2181,prod,1586000,1.085501,prod,1591000,1.0905010000000002,C7eq,alpha_prime,10,5.0
pbc,2182,2182,prod,1591000,1.0905010000000002,prod,1591500,1.0910009999999999,alpha_prime,C7eq,1,0.5
pbc,2183,2206,prod,1591500,1.0910009999999999,prod,1603500,1.103001,C7eq,alpha_prime,24,12.0
pbc,2207,2207,prod,1603500,1.103001,prod,1604000,1.103501,alpha_prime,C7eq,1,0.5
pbc,2208,2216,prod,1604000,1.103501,prod,1608500,1.108001,C7eq,alpha_prime,9,4.5
pbc,2217,2217,prod,1608500,1.108001,prod,1609000,1.108501,alpha_prime,alphaR,1,0.5
pbc,2218,2220,prod,1609000,1.108501,prod,1610500,1.110001,alphaR,C7eq,3,1.5
pbc,2221,2232,prod,1610500,1.110001,prod,1616500,1.116001,C7eq,alpha_prime,12,6.0
pbc,2233,2233,prod,1616500,1.116001,prod,1617000,1.116501,alpha_prime,alphaR,1,0.5
pbc,2234,2234,prod,1617000,1.116501,prod,1617500,1.1170010000000001,alphaR,alpha_prime,1,0.5
pbc,2235,2235,prod,1617500,1.1170010000000001,prod,1618000,1.1175009999999999,alpha_prime,alphaR,1,0.5
pbc,2236,2236,prod,1618000,1.1175009999999999,prod,1618500,1.118001,alphaR,alpha_prime,1,0.5
pbc,2237,2237,prod,1618500,1.118001,prod,1619000,1.118501,alpha_prime,C7eq,1,0.5
pbc,2238,2238,prod,1619000,1.118501,prod,1619500,1.119001,C7eq,alphaR,1,0.5
pbc,2239,2240,prod,1619500,1.119001,prod,1620500,1.120001,alphaR,C7eq,2,1.0
pbc,2241,2314,prod,1620500,1.120001,prod,1657500,1.157001,C7eq,PPII,74,37.0
pbc,2315,2316,prod,1657500,1.157001,prod,1658500,1.158001,PPII,C7eq,2,1.0
pbc,2317,2325,prod,1658500,1.158001,prod,1663000,1.162501,C7eq,PPII,9,4.5
pbc,2326,2326,prod,1663000,1.162501,prod,1663500,1.163001,PPII,C7eq,1,0.5
pbc,2327,2330,prod,1663500,1.163001,prod,1665500,1.165001,C7eq,PPII,4,2.0
pbc,2331,2331,prod,1665500,1.165001,prod,1666000,1.165501,PPII,C7eq,1,0.5
pbc,2332,2357,prod,1666000,1.165501,prod,1679000,1.178501,C7eq,alpha_prime,26,13.0
pbc,2358,2358,prod,1679000,1.178501,prod,1679500,1.179001,alpha_prime,C7eq,1,0.5
pbc,2359,2441,prod,1679500,1.179001,prod,1721000,1.220501,C7eq,alpha_prime,83,41.5
pbc,2442,2442,prod,1721000,1.220501,prod,1721500,1.221001,alpha_prime,C7eq,1,0.5
pbc,2443,2467,prod,1721500,1.221001,prod,1734000,1.233501,C7eq,alpha_prime,25,12.5
pbc,2468,2468,prod,1734000,1.233501,prod,1734500,1.2340010000000001,alpha_prime,C7eq,1,0.5
pbc,2469,2471,prod,1734500,1.2340010000000001,prod,1736000,1.235501,C7eq,alpha_prime,3,1.5
pbc,2472,2472,prod,1736000,1.235501,prod,1736500,1.236001,alpha_prime,C7eq,1,0.5
pbc,2473,2515,prod,1736500,1.236001,prod,1758000,1.257501,C7eq,alphaR,43,21.5
pbc,2516,2516,prod,1758000,1.257501,prod,1758500,1.2580010000000001,alphaR,C7eq,1,0.5
pbc,2517,2526,prod,1758500,1.2580010000000001,prod,1763500,1.263001,C7eq,alpha_prime,10,5.0
pbc,2527,2527,prod,1763500,1.263001,prod,1764000,1.263501,alpha_prime,C7eq,1,0.5
pbc,2528,2528,prod,1764000,1.263501,prod,1764500,1.264001,C7eq,alphaR,1,0.5
pbc,2529,2529,prod,1764500,1.264001,prod,1765000,1.264501,alphaR,C7eq,1,0.5
pbc,2530,2638,prod,1765000,1.264501,prod,1819500,1.319001,C7eq,alpha_prime,109,54.5
pbc,2639,2639,prod,1819500,1.319001,prod,1820000,1.319501,alpha_prime,C7eq,1,0.5
pbc,2640,2656,prod,1820000,1.319501,prod,1828500,1.328001,C7eq,alphaL,17,8.5
pbc,2657,2657,prod,1828500,1.328001,prod,1829000,1.3285010000000002,alphaL,C7eq,1,0.5
pbc,2658,2810,prod,1829000,1.3285010000000002,prod,1905500,1.405001,C7eq,alpha_prime,153,76.5
pbc,2811,2811,prod,1905500,1.405001,prod,1906000,1.4055010000000001,alpha_prime,C7eq,1,0.5
pbc,2812,2841,prod,1906000,1.4055010000000001,prod,1921000,1.420501,C7eq,PPII,30,15.0
pbc,2842,2842,prod,1921000,1.420501,prod,1921500,1.421001,PPII,C5,1,0.5
pbc,2843,2843,prod,1921500,1.421001,prod,1922000,1.4215010000000001,C5,C7eq,1,0.5
pbc,2844,2851,prod,1922000,1.4215010000000001,prod,1926000,1.4255010000000001,C7eq,PPII,8,4.0
pbc,2852,2852,prod,1926000,1.4255010000000001,prod,1926500,1.4260009999999999,PPII,C7eq,1,0.5
pbc,2853,2896,prod,1926500,1.4260009999999999,prod,1948500,1.448001,C7eq,alpha_prime,44,22.0
pbc,2897,2897,prod,1948500,1.448001,prod,1949000,1.448501,alpha_prime,C7eq,1,0.5
pbc,2898,2971,prod,1949000,1.448501,prod,1986000,1.485501,C7eq,PPII,74,37.0
pbc,2972,2972,prod,1986000,1.485501,prod,1986500,1.486001,PPII,C7eq,1,0.5
pbc,2973,2973,prod,1986500,1.486001,prod,1987000,1.486501,C7eq,C5,1,0.5
pbc,2974,3117,prod,1987000,1.486501,prod,2059000,1.5585010000000001,C5,PPII,144,72.0
pbc,3118,3118,prod,2059000,1.5585010000000001,prod,2059500,1.5590009999999999,PPII,C7eq,1,0.5
pbc,3119,3119,prod,2059500,1.5590009999999999,prod,2060000,1.559501,C7eq,PPII,1,0.5
pbc,3120,3120,prod,2060000,1.559501,prod,2060500,1.5600010000000002,PPII,C5,1,0.5
pbc,3121,3122,prod,2060500,1.5600010000000002,prod,2061500,1.561001,C5,C7eq,2,1.0
pbc,3123,3123,prod,2061500,1.561001,prod,2062000,1.5615009999999998,C7eq,PPII,1,0.5
pbc,3124,3124,prod,2062000,1.5615009999999998,prod,2062500,1.562001,PPII,C5,1,0.5
pbc,3125,3127,prod,2062500,1.562001,prod,2064000,1.563501,C5,PPII,3,1.5
pbc,3128,3128,prod,2064000,1.563501,prod,2064500,1.5640010000000002,PPII,C5,1,0.5
pbc,3129,3129,prod,2064500,1.5640010000000002,prod,2065000,1.564501,C5,PPII,1,0.5
pbc,3130,3131,prod,2065000,1.564501,prod,2066000,1.5655009999999998,PPII,C5,2,1.0
pbc,3132,3133,prod,2066000,1.5655009999999998,prod,2067000,1.5665010000000001,C5,PPII,2,1.0
pbc,3134,3135,prod,2067000,1.5665010000000001,prod,2068000,1.567501,PPII,C5,2,1.0
pbc,3136,3138,prod,2068000,1.567501,prod,2069500,1.569001,C5,PPII,3,1.5
pbc,3139,3139,prod,2069500,1.569001,prod,2070000,1.5695009999999998,PPII,C5,1,0.5
pbc,3140,3140,prod,2070000,1.5695009999999998,prod,2070500,1.570001,C5,PPII,1,0.5
pbc,3141,3141,prod,2070500,1.570001,prod,2071000,1.5705010000000001,PPII,C7eq,1,0.5
pbc,3142,3146,prod,2071000,1.5705010000000001,prod,2073500,1.573001,C7eq,C5,5,2.5
pbc,3147,3147,prod,2073500,1.573001,prod,2074000,1.5735009999999998,C5,C7eq,1,0.5
pbc,3148,3148,prod,2074000,1.5735009999999998,prod,2074500,1.574001,C7eq,PPII,1,0.5
pbc,3149,3149,prod,2074500,1.574001,prod,2075000,1.5745010000000002,PPII,C5,1,0.5
pbc,3150,3150,prod,2075000,1.5745010000000002,prod,2075500,1.5750009999999999,C5,C7eq,1,0.5
pbc,3151,3153,prod,2075500,1.5750009999999999,prod,2077000,1.576501,C7eq,PPII,3,1.5
pbc,3154,3154,prod,2077000,1.576501,prod,2077500,1.577001,PPII,C7eq,1,0.5
pbc,3155,3155,prod,2077500,1.577001,prod,2078000,1.5775009999999998,C7eq,C5,1,0.5
pbc,3156,3270,prod,2078000,1.5775009999999998,prod,2135500,1.635001,C5,PPII,115,57.5
pbc,3271,3271,prod,2135500,1.635001,prod,2136000,1.635501,PPII,C7eq,1,0.5
pbc,3272,3272,prod,2136000,1.635501,prod,2136500,1.6360009999999998,C7eq,PPII,1,0.5
pbc,3273,3273,prod,2136500,1.6360009999999998,prod,2137000,1.636501,PPII,C5,1,0.5
pbc,3274,3418,prod,2137000,1.636501,prod,2209500,1.7090009999999998,C5,PPII,145,72.5
pbc,3419,3420,prod,2209500,1.7090009999999998,prod,2210500,1.710001,PPII,C5,2,1.0
pbc,3421,3459,prod,2210500,1.710001,prod,2230000,1.729501,C5,C7eq,39,19.5
pbc,3460,3465,prod,2230000,1.729501,prod,2233000,1.732501,C7eq,PPII,6,3.0
pbc,3466,3466,prod,2233000,1.732501,prod,2233500,1.7330009999999998,PPII,C7eq,1,0.5
pbc,3467,3467,prod,2233500,1.7330009999999998,prod,2234000,1.733501,C7eq,PPII,1,0.5
pbc,3468,3468,prod,2234000,1.733501,prod,2234500,1.7340010000000001,PPII,C7eq,1,0.5
pbc,3469,3470,prod,2234500,1.7340010000000001,prod,2235500,1.735001,C7eq,C5,2,1.0
pbc,3471,3519,prod,2235500,1.735001,prod,2260000,1.7595009999999998,C5,PPII,49,24.5
pbc,3520,3520,prod,2260000,1.7595009999999998,prod,2260500,1.760001,PPII,C5,1,0.5
pbc,3521,3523,prod,2260500,1.760001,prod,2262000,1.761501,C5,PPII,3,1.5
pbc,3524,3524,prod,2262000,1.761501,prod,2262500,1.7620010000000002,PPII,C5,1,0.5
pbc,3525,3530,prod,2262500,1.7620010000000002,prod,2265500,1.7650009999999998,C5,PPII,6,3.0
pbc,3531,3531,prod,2265500,1.7650009999999998,prod,2266000,1.765501,PPII,C5,1,0.5
pbc,3532,3625,prod,2266000,1.765501,prod,2313000,1.8125010000000001,C5,PPII,94,47.0
pbc,3626,3626,prod,2313000,1.8125010000000001,prod,2313500,1.8130009999999999,PPII,C5,1,0.5
pbc,3627,3631,prod,2313500,1.8130009999999999,prod,2316000,1.8155009999999998,C5,PPII,5,2.5
pbc,3632,3632,prod,2316000,1.8155009999999998,prod,2316500,1.816001,PPII,C5,1,0.5
pbc,3633,3659,prod,2316500,1.816001,prod,2330000,1.829501,C5,PPII,27,13.5
pbc,3660,3662,prod,2330000,1.829501,prod,2331500,1.831001,PPII,C5,3,1.5
pbc,3663,3797,prod,2331500,1.831001,prod,2399000,1.898501,C5,PPII,135,67.5
pbc,3798,3798,prod,2399000,1.898501,prod,2399500,1.8990010000000002,PPII,C5,1,0.5
pbc,3799,3803,prod,2399500,1.8990010000000002,prod,2402000,1.901501,C5,PPII,5,2.5
pbc,3804,3805,prod,2402000,1.901501,prod,2403000,1.902501,PPII,C5,2,1.0
pbc,3806,3806,prod,2403000,1.902501,prod,2403500,1.9030010000000002,C5,PPII,1,0.5
pbc,3807,3807,prod,2403500,1.9030010000000002,prod,2404000,1.9035009999999999,PPII,C5,1,0.5
pbc,3808,3808,prod,2404000,1.9035009999999999,prod,2404500,1.904001,C5,PPII,1,0.5
pbc,3809,3817,prod,2404500,1.904001,prod,2409000,1.9085009999999998,PPII,C7eq,9,4.5
pbc,3818,3818,prod,2409000,1.9085009999999998,prod,2409500,1.909001,C7eq,PPII,1,0.5
pbc,3819,3823,prod,2409500,1.909001,prod,2412000,1.911501,PPII,C5,5,2.5
pbc,3824,3855,prod,2412000,1.911501,prod,2428000,1.927501,C5,PPII,32,16.0
pbc,3856,3856,prod,2428000,1.927501,prod,2428500,1.928001,PPII,C5,1,0.5
pbc,3857,3927,prod,2428500,1.928001,prod,2464000,1.963501,C5,PPII,71,35.5
pbc,3928,3929,prod,2464000,1.963501,prod,2465000,1.9645009999999998,PPII,C5,2,1.0
pbc,3930,4104,prod,2465000,1.9645009999999998,prod,2552500,2.0520009999999997,C5,PPII,175,87.5
pbc,4105,4105,prod,2552500,2.0520009999999997,prod,2553000,2.052501,PPII,C5,1,0.5
pbc,4106,4159,prod,2553000,2.052501,prod,2580000,2.079501,C5,PPII,54,27.0
pbc,4160,4160,prod,2580000,2.079501,prod,2580500,2.0800009999999998,PPII,C5,1,0.5
pbc,4161,4385,prod,2580500,2.0800009999999998,prod,2693000,2.192501,C5,PPII,225,112.5
pbc,4386,4387,prod,2693000,2.192501,prod,2694000,2.193501,PPII,C7eq,2,1.0
pbc,4388,4388,prod,2694000,2.193501,prod,2694500,2.194001,C7eq,C5,1,0.5
pbc,4389,4466,prod,2694500,2.194001,prod,2733500,2.233001,C5,C7eq,78,39.0
pbc,4467,4473,prod,2733500,2.233001,prod,2737000,2.236501,C7eq,C5,7,3.5
pbc,4474,4474,prod,2737000,2.236501,prod,2737500,2.237001,C5,PPII,1,0.5
pbc,4475,4475,prod,2737500,2.237001,prod,2738000,2.237501,PPII,C7eq,1,0.5
pbc,4476,4476,prod,2738000,2.237501,prod,2738500,2.238001,C7eq,PPII,1,0.5
pbc,4477,4477,prod,2738500,2.238001,prod,2739000,2.238501,PPII,C5,1,0.5
pbc,4478,4789,prod,2739000,2.238501,prod,2895000,2.394501,C5,PPII,312,156.0
pbc,4790,4792,prod,2895000,2.394501,prod,2896500,2.396001,PPII,C5,3,1.5
pbc,4793,4793,prod,2896500,2.396001,prod,2897000,2.3965009999999998,C5,C7eq,1,0.5
pbc,4794,4794,prod,2897000,2.3965009999999998,prod,2897500,2.397001,C7eq,C5,1,0.5
pbc,4795,4850,prod,2897500,2.397001,prod,2925500,2.425001,C5,PPII,56,28.0
pbc,4851,4851,prod,2925500,2.425001,prod,2926000,2.425501,PPII,C5,1,0.5
pbc,4852,4890,prod,2926000,2.425501,prod,2945500,2.445001,C5,alphaR,39,19.5
pbc,4891,4899,prod,2945500,2.445001,prod,2950000,2.449501,alphaR,alpha_prime,9,4.5
pbc,4900,4900,prod,2950000,2.449501,prod,2950500,2.450001,alpha_prime,alphaR,1,0.5
pbc,4901,4907,prod,2950500,2.450001,prod,2954000,2.453501,alphaR,C7ax,7,3.5
pbc,4908,4908,prod,2954000,2.453501,prod,2954500,2.454001,C7ax,alphaR,1,0.5
pbc,4909,4918,prod,2954500,2.454001,prod,2959500,2.4590009999999998,alphaR,C5,10,5.0
pbc,4919,5018,prod,2959500,2.4590009999999998,prod,3009500,2.509001,C5,PPII,100,50.0
pbc,5019,5019,prod,3009500,2.509001,prod,3010000,2.509501,PPII,C5,1,0.5
pbc,5020,5036,prod,3010000,2.509501,prod,3018500,2.518001,C5,PPII,17,8.5
pbc,5037,5037,prod,3018500,2.518001,prod,3019000,2.518501,PPII,C5,1,0.5
pbc,5038,5038,prod,3019000,2.518501,prod,3019500,2.5190010000000003,C5,PPII,1,0.5
pbc,5039,5039,prod,3019500,2.5190010000000003,prod,3020000,2.519501,PPII,C5,1,0.5
pbc,5040,5108,prod,3020000,2.519501,prod,3054500,2.554001,C5,PPII,69,34.5
pbc,5109,5109,prod,3054500,2.554001,prod,3055000,2.554501,PPII,C7eq,1,0.5
pbc,5110,5110,prod,3055000,2.554501,prod,3055500,2.555001,C7eq,C5,1,0.5
pbc,5111,5190,prod,3055500,2.555001,prod,3095500,2.595001,C5,PPII,80,40.0
pbc,5191,5191,prod,3095500,2.595001,prod,3096000,2.595501,PPII,C5,1,0.5
pbc,5192,5273,prod,3096000,2.595501,prod,3137000,2.636501,C5,PPII,82,41.0
pbc,5274,5275,prod,3137000,2.636501,prod,3138000,2.637501,PPII,C5,2,1.0
pbc,5276,5502,prod,3138000,2.637501,prod,3251500,2.751001,C5,PPII,227,113.5
pbc,5503,5503,prod,3251500,2.751001,prod,3252000,2.751501,PPII,C5,1,0.5
pbc,5504,5536,prod,3252000,2.751501,prod,3268500,2.768001,C5,alphaR,33,16.5
pbc,5537,5567,prod,3268500,2.768001,prod,3284000,2.7835010000000002,alphaR,C7eq,31,15.5
pbc,5568,5568,prod,3284000,2.7835010000000002,prod,3284500,2.784001,C7eq,alphaR,1,0.5
pbc,5569,5569,prod,3284500,2.784001,prod,3285000,2.784501,alphaR,C7eq,1,0.5
pbc,5570,5578,prod,3285000,2.784501,prod,3289500,2.789001,C7eq,alpha_prime,9,4.5
pbc,5579,5579,prod,3289500,2.789001,prod,3290000,2.789501,alpha_prime,alphaR,1,0.5
pbc,5580,5580,prod,3290000,2.789501,prod,3290500,2.790001,alphaR,C7eq,1,0.5
pbc,5581,5584,prod,3290500,2.790001,prod,3292500,2.792001,C7eq,alphaR,4,2.0
pbc,5585,5585,prod,3292500,2.792001,prod,3293000,2.792501,alphaR,C7eq,1,0.5
pbc,5586,5636,prod,3293000,2.792501,prod,3318500,2.818001,C7eq,alpha_prime,51,25.5
pbc,5637,5637,prod,3318500,2.818001,prod,3319000,2.818501,alpha_prime,C7eq,1,0.5
pbc,5638,5654,prod,3319000,2.818501,prod,3327500,2.827001,C7eq,alpha_prime,17,8.5
pbc,5655,5655,prod,3327500,2.827001,prod,3328000,2.827501,alpha_prime,C7eq,1,0.5
pbc,5656,5710,prod,3328000,2.827501,prod,3355500,2.855001,C7eq,PPII,55,27.5
pbc,5711,5711,prod,3355500,2.855001,prod,3356000,2.855501,PPII,C5,1,0.5
pbc,5712,5723,prod,3356000,2.855501,prod,3362000,2.861501,C5,C7eq,12,6.0
pbc,5724,5724,prod,3362000,2.861501,prod,3362500,2.8620010000000002,C7eq,C5,1,0.5
pbc,5725,5727,prod,3362500,2.8620010000000002,prod,3364000,2.863501,C5,PPII,3,1.5
pbc,5728,5732,prod,3364000,2.863501,prod,3366500,2.8660010000000002,PPII,C5,5,2.5
pbc,5733,5764,prod,3366500,2.8660010000000002,prod,3382500,2.882001,C5,PPII,32,16.0
pbc,5765,5765,prod,3382500,2.882001,prod,3383000,2.882501,PPII,C5,1,0.5
pbc,5766,5768,prod,3383000,2.882501,prod,3384500,2.884001,C5,PPII,3,1.5
pbc,5769,5769,prod,3384500,2.884001,prod,3385000,2.884501,PPII,C7eq,1,0.5
pbc,5770,5770,prod,3385000,2.884501,prod,3385500,2.885001,C7eq,C5,1,0.5
pbc,5771,5773,prod,3385500,2.885001,prod,3387000,2.886501,C5,C7eq,3,1.5
pbc,5774,5774,prod,3387000,2.886501,prod,3387500,2.887001,C7eq,C5,1,0.5
pbc,5775,5804,prod,3387500,2.887001,prod,3402500,2.902001,C5,C7eq,30,15.0
pbc,5805,5806,prod,3402500,2.902001,prod,3403500,2.903001,C7eq,C5,2,1.0
pbc,5807,5864,prod,3403500,2.903001,prod,3432500,2.932001,C5,alphaR,58,29.0
pbc,5865,5865,prod,3432500,2.932001,prod,3433000,2.9325010000000002,alphaR,C5,1,0.5
pbc,5866,5866,prod,3433000,2.9325010000000002,prod,3433500,2.933001,C5,alphaR,1,0.5
pbc,5867,5881,prod,3433500,2.933001,prod,3441000,2.940501,alphaR,alpha_prime,15,7.5
pbc,5882,5883,prod,3441000,2.940501,prod,3442000,2.941501,alpha_prime,C7eq,2,1.0
pbc,5884,5884,prod,3442000,2.941501,prod,3442500,2.942001,C7eq,alpha_prime,1,0.5
pbc,5885,5885,prod,3442500,2.942001,prod,3443000,2.942501,alpha_prime,C7eq,1,0.5
pbc,5886,5959,prod,3443000,2.942501,prod,3480000,2.979501,C7eq,alphaL,74,37.0
pbc,5960,5960,prod,3480000,2.979501,prod,3480500,2.980001,alphaL,C7eq,1,0.5
pbc,5961,5977,prod,3480500,2.980001,prod,3489000,2.988501,C7eq,alphaR,17,8.5
pbc,5978,5979,prod,3489000,2.988501,prod,3490000,2.989501,alphaR,C7eq,2,1.0
pbc,5980,5980,prod,3490000,2.989501,prod,3490500,2.990001,C7eq,alpha_prime,1,0.5
pbc,5981,5981,prod,3490500,2.990001,prod,3491000,2.990501,alpha_prime,C7eq,1,0.5
pbc,5982,5982,prod,3491000,2.990501,prod,3491500,2.9910010000000002,C7eq,alphaR,1,0.5
pbc,5983,5985,prod,3491500,2.9910010000000002,prod,3493000,2.992501,alphaR,C7eq,3,1.5
pbc,5986,5995,prod,3493000,2.992501,prod,3498000,2.997501,C7eq,alpha_prime,10,5.0
pbc,5996,5996,prod,3498000,2.997501,prod,3498500,2.998001,alpha_prime,C7eq,1,0.5
pbc,5997,6149,prod,3498500,2.998001,prod,3575000,3.074501,C7eq,alpha_prime,153,76.5
pbc,6150,6150,prod,3575000,3.074501,prod,3575500,3.075001,alpha_prime,C7eq,1,0.5
pbc,6151,6198,prod,3575500,3.075001,prod,3599500,3.099001,C7eq,alpha_prime,48,24.0
pbc,6199,6199,prod,3599500,3.099001,prod,3600000,3.099501,alpha_prime,C7eq,1,0.5
pbc,6200,6203,prod,3600000,3.099501,prod,3602000,3.101501,C7eq,alpha_prime,4,2.0
pbc,6204,6204,prod,3602000,3.101501,prod,3602500,3.102001,alpha_prime,C7eq,1,0.5
pbc,6205,6244,prod,3602500,3.102001,prod,3622500,3.122001,C7eq,alpha_prime,40,20.0
pbc,6245,6245,prod,3622500,3.122001,prod,3623000,3.122501,alpha_prime,C7eq,1,0.5
pbc,6246,6248,prod,3623000,3.122501,prod,3624500,3.124001,C7eq,alpha_prime,3,1.5
pbc,6249,6249,prod,3624500,3.124001,prod,3625000,3.124501,alpha_prime,C7eq,1,0.5
pbc,6250,6250,prod,3625000,3.124501,prod,3625500,3.125001,C7eq,alpha_prime,1,0.5
pbc,6251,6251,prod,3625500,3.125001,prod,3626000,3.125501,alpha_prime,alphaR,1,0.5
pbc,6252,6252,prod,3626000,3.125501,prod,3626500,3.126001,alphaR,C7eq,1,0.5
pbc,6253,6257,prod,3626500,3.126001,prod,3629000,3.128501,C7eq,alphaR,5,2.5
pbc,6258,6259,prod,3629000,3.128501,prod,3630000,3.129501,alphaR,C7eq,2,1.0
pbc,6260,6263,prod,3630000,3.129501,prod,3632000,3.131501,C7eq,alpha_prime,4,2.0
pbc,6264,6264,prod,3632000,3.131501,prod,3632500,3.132001,alpha_prime,C7eq,1,0.5
pbc,6265,6274,prod,3632500,3.132001,prod,3637500,3.137001,C7eq,alphaR,10,5.0
pbc,6275,6275,prod,3637500,3.137001,prod,3638000,3.137501,alphaR,C7eq,1,0.5
pbc,6276,6307,prod,3638000,3.137501,prod,3654000,3.153501,C7eq,alphaR,32,16.0
pbc,6308,6308,prod,3654000,3.153501,prod,3654500,3.154001,alphaR,C7eq,1,0.5
pbc,6309,6340,prod,3654500,3.154001,prod,3670500,3.170001,C7eq,alpha_prime,32,16.0
pbc,6341,6341,prod,3670500,3.170001,prod,3671000,3.1705010000000002,alpha_prime,C7eq,1,0.5
pbc,6342,6357,prod,3671000,3.1705010000000002,prod,3679000,3.178501,C7eq,alpha_prime,16,8.0
pbc,6358,6359,prod,3679000,3.178501,prod,3680000,3.179501,alpha_prime,C7eq,2,1.0
pbc,6360,6361,prod,3680000,3.179501,prod,3681000,3.180501,C7eq,alpha_prime,2,1.0
pbc,6362,6362,prod,3681000,3.180501,prod,3681500,3.181001,alpha_prime,C7eq,1,0.5
pbc,6363,6363,prod,3681500,3.181001,prod,3682000,3.181501,C7eq,alpha_prime,1,0.5
pbc,6364,6364,prod,3682000,3.181501,prod,3682500,3.182001,alpha_prime,C7eq,1,0.5
pbc,6365,6365,prod,3682500,3.182001,prod,3683000,3.182501,C7eq,alpha_prime,1,0.5
pbc,6366,6367,prod,3683000,3.182501,prod,3684000,3.183501,alpha_prime,C7eq,2,1.0
pbc,6368,6381,prod,3684000,3.183501,prod,3691000,3.190501,C7eq,alpha_prime,14,7.0
pbc,6382,6382,prod,3691000,3.190501,prod,3691500,3.191001,alpha_prime,C7eq,1,0.5
pbc,6383,6391,prod,3691500,3.191001,prod,3696000,3.195501,C7eq,alphaR,9,4.5
pbc,6392,6392,prod,3696000,3.195501,prod,3696500,3.196001,alphaR,C7eq,1,0.5
pbc,6393,6393,prod,3696500,3.196001,prod,3697000,3.196501,C7eq,alphaR,1,0.5
pbc,6394,6394,prod,3697000,3.196501,prod,3697500,3.197001,alphaR,C7eq,1,0.5
pbc,6395,6397,prod,3697500,3.197001,prod,3699000,3.198501,C7eq,alphaR,3,1.5
pbc,6398,6398,prod,3699000,3.198501,prod,3699500,3.199001,alphaR,C7eq,1,0.5
pbc,6399,6402,prod,3699500,3.199001,prod,3701500,3.201001,C7eq,alphaR,4,2.0
pbc,6403,6403,prod,3701500,3.201001,prod,3702000,3.201501,alphaR,alpha_prime,1,0.5
pbc,6404,6404,prod,3702000,3.201501,prod,3702500,3.202001,alpha_prime,C7eq,1,0.5
pbc,6405,6407,prod,3702500,3.202001,prod,3704000,3.203501,C7eq,alphaR,3,1.5
pbc,6408,6408,prod,3704000,3.203501,prod,3704500,3.204001,alphaR,C7eq,1,0.5
pbc,6409,6421,prod,3704500,3.204001,prod,3711000,3.210501,C7eq,alpha_prime,13,6.5
pbc,6422,6422,prod,3711000,3.210501,prod,3711500,3.211001,alpha_prime,C7eq,1,0.5
pbc,6423,6543,prod,3711500,3.211001,prod,3772000,3.271501,C7eq,alpha_prime,121,60.5
pbc,6544,6544,prod,3772000,3.271501,prod,3772500,3.272001,alpha_prime,C7eq,1,0.5
pbc,6545,6547,prod,3772500,3.272001,prod,3774000,3.273501,C7eq,alphaR,3,1.5
pbc,6548,6551,prod,3774000,3.273501,prod,3776000,3.275501,alphaR,C7eq,4,2.0
pbc,6552,6552,prod,3776000,3.275501,prod,3776500,3.276001,C7eq,alphaR,1,0.5
pbc,6553,6553,prod,3776500,3.276001,prod,3777000,3.276501,alphaR,C7eq,1,0.5
pbc,6554,6556,prod,3777000,3.276501,prod,3778500,3.278001,C7eq,alphaR,3,1.5
pbc,6557,6558,prod,3778500,3.278001,prod,3779500,3.279001,alphaR,C7eq,2,1.0
pbc,6559,6559,prod,3779500,3.279001,prod,3780000,3.279501,C7eq,alphaR,1,0.5
pbc,6560,6560,prod,3780000,3.279501,prod,3780500,3.280001,alphaR,C7eq,1,0.5
pbc,6561,6714,prod,3780500,3.280001,prod,3857500,3.357001,C7eq,PPII,154,77.0
pbc,6715,6715,prod,3857500,3.357001,prod,3858000,3.357501,PPII,C7eq,1,0.5
pbc,6716,6821,prod,3858000,3.357501,prod,3911000,3.410501,C7eq,PPII,106,53.0
pbc,6822,6822,prod,3911000,3.410501,prod,3911500,3.411001,PPII,C7eq,1,0.5
pbc,6823,6823,prod,3911500,3.411001,prod,3912000,3.411501,C7eq,C5,1,0.5
pbc,6824,6839,prod,3912000,3.411501,prod,3920000,3.419501,C5,C7ax,16,8.0
pbc,6840,6842,prod,3920000,3.419501,prod,3921500,3.421001,C7ax,alphaR,3,1.5
pbc,6843,6848,prod,3921500,3.421001,prod,3924500,3.424001,alphaR,C7ax,6,3.0
pbc,6849,6849,prod,3924500,3.424001,prod,3925000,3.424501,C7ax,alphaR,1,0.5
pbc,6850,6856,prod,3925000,3.424501,prod,3928500,3.428001,alphaR,C7ax,7,3.5
pbc,6857,6861,prod,3928500,3.428001,prod,3931000,3.430501,C7ax,alphaR,5,2.5
pbc,6862,6862,prod,3931000,3.430501,prod,3931500,3.431001,alphaR,C7ax,1,0.5
pbc,6863,6864,prod,3931500,3.431001,prod,3932500,3.432001,C7ax,alphaR,2,1.0
pbc,6865,6866,prod,3932500,3.432001,prod,3933500,3.433001,alphaR,C5,2,1.0
pbc,6867,7005,prod,3933500,3.433001,prod,4003000,3.502501,C5,PPII,139,69.5
pbc,7006,7007,prod,4003000,3.502501,prod,4004000,3.503501,PPII,C5,2,1.0
pbc,7008,7167,prod,4004000,3.503501,prod,4084000,3.583501,C5,C7eq,160,80.0
pbc,7168,7168,prod,4084000,3.583501,prod,4084500,3.584001,C7eq,PPII,1,0.5
pbc,7169,7170,prod,4084500,3.584001,prod,4085500,3.585001,PPII,C5,2,1.0
pbc,7171,7325,prod,4085500,3.585001,prod,4163000,3.662501,C5,alphaR,155,77.5
pbc,7326,7326,prod,4163000,3.662501,prod,4163500,3.663001,alphaR,C5,1,0.5
pbc,7327,7514,prod,4163500,3.663001,prod,4257500,3.757001,C5,PPII,188,94.0
pbc,7515,7515,prod,4257500,3.757001,prod,4258000,3.757501,PPII,C5,1,0.5
pbc,7516,7572,prod,4258000,3.757501,prod,4286500,3.786001,C5,alphaR,57,28.5
pbc,7573,7573,prod,4286500,3.786001,prod,4287000,3.786501,alphaR,C5,1,0.5
pbc,7574,7795,prod,4287000,3.786501,prod,4398000,3.897501,C5,PPII,222,111.0
pbc,7796,7796,prod,4398000,3.897501,prod,4398500,3.898001,PPII,C5,1,0.5
pbc,7797,7797,prod,4398500,3.898001,prod,4399000,3.898501,C5,PPII,1,0.5
pbc,7798,7798,prod,4399000,3.898501,prod,4399500,3.899001,PPII,C5,1,0.5
pbc,7799,7871,prod,4399500,3.899001,prod,4436000,3.935501,C5,PPII,73,36.5
pbc,7872,7872,prod,4436000,3.935501,prod,4436500,3.936001,PPII,C7eq,1,0.5
pbc,7873,7873,prod,4436500,3.936001,prod,4437000,3.936501,C7eq,PPII,1,0.5
pbc,7874,7874,prod,4437000,3.936501,prod,4437500,3.937001,PPII,C7eq,1,0.5
pbc,7875,7875,prod,4437500,3.937001,prod,4438000,3.937501,C7eq,PPII,1,0.5
pbc,7876,7876,prod,4438000,3.937501,prod,4438500,3.938001,PPII,C5,1,0.5
pbc,7877,7877,prod,4438500,3.938001,prod,4439000,3.938501,C5,C7eq,1,0.5
pbc,7878,7885,prod,4439000,3.938501,prod,4443000,3.942501,C7eq,alpha_prime,8,4.0
pbc,7886,7886,prod,4443000,3.942501,prod,4443500,3.943001,alpha_prime,C7eq,1,0.5
pbc,7887,7923,prod,4443500,3.943001,prod,4462000,3.961501,C7eq,alpha_prime,37,18.5
pbc,7924,7924,prod,4462000,3.961501,prod,4462500,3.962001,alpha_prime,C7eq,1,0.5
pbc,7925,7950,prod,4462500,3.962001,prod,4475500,3.975001,C7eq,alphaR,26,13.0
pbc,7951,7951,prod,4475500,3.975001,prod,4476000,3.975501,alphaR,C7eq,1,0.5
pbc,7952,7953,prod,4476000,3.975501,prod,4477000,3.976501,C7eq,alpha_prime,2,1.0
pbc,7954,7955,prod,4477000,3.976501,prod,4478000,3.977501,alpha_prime,C7eq,2,1.0
pbc,7956,7956,prod,4478000,3.977501,prod,4478500,3.978001,C7eq,alpha_prime,1,0.5
pbc,7957,7957,prod,4478500,3.978001,prod,4479000,3.978501,alpha_prime,C7eq,1,0.5
pbc,7958,7958,prod,4479000,3.978501,prod,4479500,3.979001,C7eq,alpha_prime,1,0.5
pbc,7959,7959,prod,4479500,3.979001,prod,4480000,3.979501,alpha_prime,C7eq,1,0.5
pbc,7960,7968,prod,4480000,3.979501,prod,4484500,3.984001,C7eq,alpha_prime,9,4.5
pbc,7969,7971,prod,4484500,3.984001,prod,4486000,3.985501,alpha_prime,C7eq,3,1.5
pbc,7972,7976,prod,4486000,3.985501,prod,4488500,3.988001,C7eq,alpha_prime,5,2.5
pbc,7977,7977,prod,4488500,3.988001,prod,4489000,3.988501,alpha_prime,C7eq,1,0.5
pbc,7978,7978,prod,4489000,3.988501,prod,4489500,3.989001,C7eq,alpha_prime,1,0.5
pbc,7979,7979,prod,4489500,3.989001,prod,4490000,3.989501,alpha_prime,C7eq,1,0.5
pbc,7980,8035,prod,4490000,3.989501,prod,4518000,4.017500999999999,C7eq,alpha_prime,56,28.0
pbc,8036,8036,prod,4518000,4.017500999999999,prod,4518500,4.018001,alpha_prime,C7eq,1,0.5
pbc,8037,8037,prod,4518500,4.018001,prod,4519000,4.018501,C7eq,alphaR,1,0.5
pbc,8038,8038,prod,4519000,4.018501,prod,4519500,4.019000999999999,alphaR,C7eq,1,0.5
pbc,8039,8068,prod,4519500,4.019000999999999,prod,4534500,4.034001,C7eq,PPII,30,15.0
pbc,8069,8069,prod,4534500,4.034001,prod,4535000,4.034501,PPII,C7eq,1,0.5
pbc,8070,8070,prod,4535000,4.034501,prod,4535500,4.035000999999999,C7eq,PPII,1,0.5
pbc,8071,8071,prod,4535500,4.035000999999999,prod,4536000,4.035501,PPII,C5,1,0.5
pbc,8072,8119,prod,4536000,4.035501,prod,4560000,4.059501,C5,PPII,48,24.0
pbc,8120,8120,prod,4560000,4.059501,prod,4560500,4.060001,PPII,C5,1,0.5
pbc,8121,8182,prod,4560500,4.060001,prod,4591500,4.091000999999999,C5,PPII,62,31.0
pbc,8183,8183,prod,4591500,4.091000999999999,prod,4592000,4.091501,PPII,C5,1,0.5
pbc,8184,8191,prod,4592000,4.091501,prod,4596000,4.095501,C5,PPII,8,4.0
pbc,8192,8193,prod,4596000,4.095501,prod,4597000,4.096501,PPII,C5,2,1.0
pbc,8194,8194,prod,4597000,4.096501,prod,4597500,4.097001,C5,PPII,1,0.5
pbc,8195,8195,prod,4597500,4.097001,prod,4598000,4.097500999999999,PPII,C5,1,0.5
pbc,8196,8290,prod,4598000,4.097500999999999,prod,4645500,4.145001,C5,PPII,95,47.5
pbc,8291,8291,prod,4645500,4.145001,prod,4646000,4.145500999999999,PPII,C5,1,0.5
pbc,8292,8398,prod,4646000,4.145500999999999,prod,4699500,4.199001,C5,PPII,107,53.5
pbc,8399,8400,prod,4699500,4.199001,prod,4700500,4.200000999999999,PPII,C5,2,1.0
pbc,8401,8427,prod,4700500,4.200000999999999,prod,4714000,4.213501,C5,PPII,27,13.5
pbc,8428,8429,prod,4714000,4.213501,prod,4715000,4.214500999999999,PPII,C5,2,1.0
pbc,8430,8440,prod,4715000,4.214500999999999,prod,4720500,4.220001,C5,PPII,11,5.5
pbc,8441,8441,prod,4720500,4.220001,prod,4721000,4.220501,PPII,C5,1,0.5
pbc,8442,8722,prod,4721000,4.220501,prod,4861500,4.361001,C5,PPII,281,140.5
pbc,8723,8723,prod,4861500,4.361001,prod,4862000,4.361501,PPII,C5,1,0.5
pbc,8724,8725,prod,4862000,4.361501,prod,4863000,4.362501,C5,PPII,2,1.0
pbc,8726,8726,prod,4863000,4.362501,prod,4863500,4.363001,PPII,C5,1,0.5
pbc,8727,8997,prod,4863500,4.363001,prod,4999000,4.498501,C5,PPII,271,135.5
pbc,8998,8998,prod,4999000,4.498501,prod,4999500,4.499001,PPII,C5,1,0.5
pbc,8999,9034,prod,4999500,4.499001,prod,5017500,4.517001,C5,alphaR,36,18.0
pbc,9035,9035,prod,5017500,4.517001,prod,5018000,4.517501,alphaR,C5,1,0.5
pbc,9036,9036,prod,5018000,4.517501,prod,5018500,4.518001,C5,alphaR,1,0.5
pbc,9037,9039,prod,5018500,4.518001,prod,5020000,4.519501,alphaR,C5,3,1.5
pbc,9040,9099,prod,5020000,4.519501,prod,5050000,4.549501,C5,PPII,60,30.0
pbc,9100,9100,prod,5050000,4.549501,prod,5050500,4.550001,PPII,C7eq,1,0.5
pbc,9101,9116,prod,5050500,4.550001,prod,5058500,4.558001,C7eq,PPII,16,8.0
pbc,9117,9117,prod,5058500,4.558001,prod,5059000,4.558501,PPII,C7eq,1,0.5
pbc,9118,9143,prod,5059000,4.558501,prod,5072000,4.571501,C7eq,alphaR,26,13.0
pbc,9144,9210,prod,5072000,4.571501,prod,5105500,4.605001,alphaR,alpha_prime,67,33.5
pbc,9211,9211,prod,5105500,4.605001,prod,5106000,4.605501,alpha_prime,alphaR,1,0.5
pbc,9212,9213,prod,5106000,4.605501,prod,5107000,4.606501,alphaR,C7eq,2,1.0
pbc,9214,9216,prod,5107000,4.606501,prod,5108500,4.608001,C7eq,alpha_prime,3,1.5
pbc,9217,9217,prod,5108500,4.608001,prod,5109000,4.6085009999999995,alpha_prime,alphaR,1,0.5
pbc,9218,9244,prod,5109000,4.6085009999999995,prod,5122500,4.622001,alphaR,C7ax,27,13.5
pbc,9245,9245,prod,5122500,4.622001,prod,5123000,4.622501,C7ax,alphaR,1,0.5
pbc,9246,9253,prod,5123000,4.622501,prod,5127000,4.626501,alphaR,C7eq,8,4.0
pbc,9254,9259,prod,5127000,4.626501,prod,5130000,4.629501,C7eq,alphaR,6,3.0
pbc,9260,9260,prod,5130000,4.629501,prod,5130500,4.630001,alphaR,C7eq,1,0.5
pbc,9261,9280,prod,5130500,4.630001,prod,5140500,4.640001,C7eq,alpha_prime,20,10.0
pbc,9281,9281,prod,5140500,4.640001,prod,5141000,4.6405009999999995,alpha_prime,C7eq,1,0.5
pbc,9282,9287,prod,5141000,4.6405009999999995,prod,5144000,4.643501,C7eq,alphaR,6,3.0
pbc,9288,9288,prod,5144000,4.643501,prod,5144500,4.644001,alphaR,C7eq,1,0.5
pbc,9289,9345,prod,5144500,4.644001,prod,5173000,4.672501,C7eq,PPII,57,28.5
pbc,9346,9346,prod,5173000,4.672501,prod,5173500,4.673001,PPII,C7eq,1,0.5
pbc,9347,9350,prod,5173500,4.673001,prod,5175500,4.675001,C7eq,C5,4,2.0
pbc,9351,9717,prod,5175500,4.675001,prod,5359000,4.8585009999999995,C5,C7ax,367,183.5
pbc,9718,9721,prod,5359000,4.8585009999999995,prod,5361000,4.860501,C7ax,C5,4,2.0
pbc,9722,9728,prod,5361000,4.860501,prod,5364500,4.864001,C5,PPII,7,3.5
pbc,9729,9730,prod,5364500,4.864001,prod,5365500,4.865001,PPII,C5,2,1.0
pbc,9731,9813,prod,5365500,4.865001,prod,5407000,4.906501,C5,PPII,83,41.5
pbc,9814,9815,prod,5407000,4.906501,prod,5408000,4.907501,PPII,C5,2,1.0
pbc,9816,9816,prod,5408000,4.907501,prod,5408500,4.908001,C5,PPII,1,0.5
pbc,9817,9817,prod,5408500,4.908001,prod,5409000,4.908501,PPII,C5,1,0.5
pbc,9818,9932,prod,5409000,4.908501,prod,5466500,4.966001,C5,PPII,115,57.5
pbc,9933,9933,prod,5466500,4.966001,prod,5467000,4.966501,PPII,C5,1,0.5
pbc,9934,9939,prod,5467000,4.966501,prod,5470000,4.969501,C5,PPII,6,3.0
pbc,9940,9940,prod,5470000,4.969501,prod,5470500,4.970001,PPII,C7eq,1,0.5
pbc,9941,9941,prod,5470500,4.970001,prod,5471000,4.970501,C7eq,PPII,1,0.5
pbc,9942,9945,prod,5471000,4.970501,prod,5473000,4.972501,PPII,C5,4,2.0
pbc,9946,9946,prod,5473000,4.972501,prod,5473500,4.973001,C5,PPII,1,0.5
pbc,9947,9947,prod,5473500,4.973001,prod,5474000,4.973501,PPII,C5,1,0.5
pbc,9948,9949,prod,5474000,4.973501,prod,5475000,4.974501,C5,PPII,2,1.0
pbc,9950,9950,prod,5475000,4.974501,prod,5475500,4.975001,PPII,C5,1,0.5
